,Ticker,Beta,Alpha,StderrA,StderrB,Alpha Opt,Sharpe,CAPM, ADJ_CAPM
0,AAPL,1.2752536923289068,0.0034826075466651,0.0029900559570658,0.1151046509281462,1.1647298902334424,10.8620311151115,0.06718589062447788,0.06736536332178772
1,MSFT,1.1744877381867735,0.0022813315330466,0.0029448214261142,0.11336331064226,0.7746926563411014,10.129406623837177,0.06199301794371719,0.06211058408294121
2,GOOG,1.1988924844257407,0.0016072162365768,0.0037874770921866,0.1458020300804968,0.424350087791268,8.038527995908161,0.06325069213639613,0.06333351841793187
3,GOOGL,1.2165653632513946,0.0021379677927772,0.0038109814789542,0.1467068506835274,0.5610018848383109,8.113031705736251,0.06416144627379737,0.06427162430603035
4,AMZN,1.482886864020078,-0.005061020889471,0.0046847792964982,0.1803444127273072,-1.08031148729974,8.036621823832911,0.0778860584944107,0.0776252438438927
5,TSLA,2.164464194577137,0.0099342510876271,0.0084832030166066,0.3265678422076388,1.1710495514701167,6.5711688914560495,0.11301046464733816,0.11352241634288793
6,UNH,0.7872864992303205,0.0067905287448168,0.0042044694385224,0.1618544916912139,1.6150738741493225,4.7302427011773664,0.04203898929533533,0.04238893240367072
7,META,1.1737655617977325,-0.0098712691348447,0.0068049352618562,0.2619615516069549,-1.4506044150304067,4.33433183494987,0.06195580130568435,0.06144709532208926
8,JNJ,0.4744481178961804,0.0025448065033476,0.0025564810219801,0.0984138289934258,0.9954333638575351,4.557559938344543,0.025917176151661763,0.026048320210005273
9,V,0.9536749463521856,-0.0003273637020293,0.0045966307335898,0.1769510616632872,-0.07121818588495599,5.226764812578943,0.05061365152931353,0.05059678116829316
10,NVDA,2.244179765977909,0.0022963178364882,0.0063104325193891,0.2429252638678617,0.3638923052314807,9.130421630501452,0.11711852690390555,0.11723686534729115
11,XOM,0.309264513756599,0.0091067233675149,0.0062241722691594,0.2396046049456795,1.463121998187367,1.20993182576703,0.017404604295932574,0.017873910177954085
12,PG,0.6765605935927885,0.0032204296619036,0.0032879954380707,0.1265740750630795,0.9794507694917163,5.145722162536859,0.03633284047421076,0.0364988020964073
13,JPM,1.0424607890746118,-0.0028412498780538,0.0041095758552716,0.1582014855494398,-0.6913730219650668,6.391555273231367,0.05518914114817105,0.05504272017695542
14,WMT,0.7406051753429059,0.0002912103645868,0.0047038339842094,0.1810779385238263,0.061909150187779295,3.934385334377721,0.03963331395012131,0.03964832118504993
15,MA,0.8796580892510739,-0.0001964215968958,0.0047888527307557,0.184350804745757,-0.04101642041199373,4.616175496645152,0.04679926681546484,0.04678914442489041
16,LLY,0.7869008925525536,0.0092193803927005,0.0053599718680602,0.2063365033018208,1.7200426829921103,3.7203997385879903,0.04201911744080329,0.04249422898996072
17,CVX,0.4066149174590078,0.0087442558788126,0.0062844098266818,0.2419234990168725,1.3914203751777932,1.5992376718676564,0.022421460000332506,0.022872086482791234
18,PFE,0.6791920416244022,0.0086403576085761,0.0060911943076334,0.2344855094965053,1.4184997509844868,2.8119707723039715,0.03646844951707194,0.036913721706072294
19,HD,0.8777444819754755,0.0005580432258865,0.0045281892709449,0.1743163515508796,0.1232376105537772,4.875254200999675,0.04670065097812415,0.046729409177726985
20,ABBV,0.6630508532697628,0.0077870870592515,0.0039183589001091,0.1508404323813517,1.987333794011233,4.25861905980873,0.03563662951640395,0.03603792926091542
21,KO,0.6370859110380102,0.0049840045295875,0.0030949122092472,0.11914117816318,1.6103863995547063,5.150225346329746,0.034298552183432814,0.03455539787286057
22,BAC,0.9383282331284786,-0.0014326765622535,0.0047868369413991,0.1842732052848885,-0.29929504175564337,4.929797336307156,0.04982277401004301,0.049748942456083835
23,MRK,0.2100434262627392,0.0050907577837919,0.0051936426299629,0.1999335231685941,0.9801902338105741,0.9336512511167173,0.012291344773024,0.012553691884653934
24,PEP,0.6364996281752467,0.0047145321903726,0.0027482114157831,0.1057946474021433,1.7154910875112563,5.791863533855927,0.034268338682383166,0.034511297384281825
25,VZ,0.1086367662888141,-0.0005605543277269,0.0036842470069248,0.1418281034717792,-0.15214895382239543,0.561314788905204,0.007065453957927745,0.007036566351202668
26,TMO,0.8824417442021343,0.0036380408545949,0.0039830416031249,0.1533304459659235,0.9133825897627257,5.593238705164447,0.04694271968971279,0.047130202487113484
27,COST,1.2056161518192383,0.007133731455667,0.0044543013982419,0.171471977426307,1.6015376639045267,6.906573896506625,0.06359718961185262,0.06396481932868897
28,AVGO,1.282149704376118,0.0045852840223484,0.0038910512788328,0.1497892031535997,1.1784177832073828,8.400264918347874,0.06754126970931887,0.06777756773612657
29,ABT,0.7967571340087847,0.0006406850476295,0.0041083726182122,0.1581551659541918,0.15594618774095045,4.861882407806573,0.04252704898800871,0.042560066051253245
30,ACN,1.14236026731653,0.0008793880819425,0.0033871058778788,0.1303894125488178,0.25962816447096815,8.549571883231708,0.06033736085989006,0.06038267924530488
31,ORCL,0.8685039992826183,-0.0012369923136417,0.0043536965239336,0.1675991104615388,-0.2841246069498816,5.004805840908491,0.04622445194303045,0.04616070478113924
32,DHR,1.0342644901366411,0.0017995569437028,0.0041720808693533,0.1606076672164199,0.43133318841486,6.273660931284176,0.054766753078701665,0.05485949144623843
33,MCD,0.7238716741012347,0.003492241502579,0.0026250292962155,0.1010526509054173,1.3303628678025645,6.9161759671002025,0.03877096969713302,0.038950938870726926
34,CSCO,0.711878536190962,-0.001826977941364,0.0040070547735761,0.1542548526132089,-0.45594034636404823,4.418568017167413,0.03815291532806503,0.03805876384683478
35,CMCSA,0.5582128508714342,-0.0052066858060946,0.0041098307062451,0.1582112962462209,-1.2668857133659477,3.3154406639144707,0.03023390790080849,0.02996558655447721
36,DIS,1.0190895972327556,-0.0090964474112954,0.0039127070565816,0.1506228600396731,-2.3248475492163876,6.516455401012385,0.05398473014779283,0.053515953826899124
37,ADBE,1.4389609483675772,-0.0044304029768978,0.0049100685986619,0.1890171087757264,-0.9023097921901092,7.4388215675175235,0.07562238035717472,0.07539406397016325
38,CRM,1.3940629698394134,-0.0023979662591982,0.0055987319811941,0.2155277692421468,-0.42830524255364705,6.324934408097791,0.07330860793170432,0.0731850311385028
39,TMUS,0.6290557305479479,0.0003783135384951,0.0044695377924733,0.1720585148906841,0.08464265346009153,3.4928119917126037,0.033884724862057944,0.03390422087195075
40,BMY,0.274533745630144,0.003651264585594,0.0034817812673499,0.134034019142486,1.0486771871149447,1.863101709650832,0.015614788891303839,0.01580295316045784
41,NKE,1.0820193777764366,-0.0046179413238809,0.0044043949415276,0.1695507875349977,-1.048484839617774,6.186555967698117,0.057227753458330886,0.056989772470146006
42,UPS,0.9496155019075664,0.0002901059597094,0.0044304069997935,0.1705521430044639,0.06548065668073423,5.402685604737073,0.05040445211930452,0.05041940243983219
43,PM,0.5070180367993645,0.0014528877639221,0.0045833506045301,0.1764398322275674,0.31699249943613134,2.720502045956318,0.02759563435241845,0.027670507470444413
44,INTC,0.8953406311805029,-0.0043869610781172,0.004719582268643,0.1816841816204364,-0.9295231714179999,4.747180863022201,0.04760745093125603,0.04738137327905634
45,WFC,1.0459573941194331,0.0018255600437512,0.0059300753136961,0.2282831019759293,0.30784769959580227,4.465144136120348,0.05536933519255087,0.05546341360384554
46,T,0.2535023637047623,0.0020619986252233,0.0042992067663751,0.1655014826535665,0.47962304147606405,1.3721832498948416,0.01453095765516122,0.014637220692313479
47,NEE,0.8572877306288416,0.0041297473412503,0.0048517312023189,0.1867713629640979,0.8511904656376006,4.459738713424744,0.045646432754226716,0.045859255153710705
48,QCOM,1.2553726422338434,0.0034629418962139,0.0065512275422455,0.2521948653231886,0.5285943548568826,4.878646448861417,0.06616134058887889,0.06633979983655837
49,LIN,0.8392366226379002,0.0010581981328635,0.0033919705008499,0.1305766801909729,0.3119715022870498,6.2172573202461265,0.044716186955021546,0.044770720137600535
50,TXN,0.8033426720198762,-0.0013824027968395,0.0034488920574951,0.1327679220948043,-0.4008251849562166,5.825912291304183,0.0428664281038723,0.042795187358139974
51,RTX,0.807409479632549,0.0043685119277342,0.0037549402032593,0.1445494959152399,1.1634038603177534,5.418988053888456,0.04307600696738378,0.04330113386106764
52,MS,0.9733080457393668,6.108758711391438e-05,0.0045100357189628,0.1736175157116783,0.013544812263252553,5.4424412735847145,0.05162542367313253,0.051628571760846856
53,UNP,0.5217949028869389,0.0008221319668495,0.004216265896285,0.1623086059862114,0.19499054069950617,3.044515303740382,0.028357145369375506,0.02839951311815513
54,AMGN,0.4433432389921998,0.0020800373362925,0.0035202995173417,0.135516810696668,0.590869420640437,3.0767937511589047,0.02431421732222402,0.02442140996631252
55,IBM,0.5679641432247549,0.0032962071774557,0.004358281008288,0.167775593938395,0.7563090060478916,3.2352402257119564,0.030736431000944513,0.030906297741627516
56,AMD,1.8879392764982847,0.0038525325232172,0.0084116075650503,0.3238117167110706,0.45800193285576357,5.7543495582777275,0.09876002951906261,0.09895856593011407
57,CVS,0.816552940916301,0.0053084288566128,0.0035815254600577,0.1378737534647194,1.4821697949139467,5.754506204663067,0.04354720610118065,0.043820770673877345
58,MDT,0.531395037954788,-0.0049564374681755,0.0038609150208054,0.148629083239345,-1.2837468427734446,3.3504384850756415,0.028851878729962043,0.028596453681477087
59,SCHW,1.287321281008943,0.0020980785517836,0.0053801275725658,0.2071124136408372,0.3899681789112335,6.088255828776162,0.06780778173951486,0.06791590411960248
60,COP,0.7299246345240384,0.0107752378412368,0.0077659152512028,0.2989552626983061,1.3875039184296933,2.3824095482943,0.039082902959561794,0.03963819406647209
61,HON,0.5737697945775908,-0.0032073020231011,0.0028704712782722,0.1105011408579188,-1.1173433600881197,4.905799961391454,0.031035619437761564,0.030870334335303073
62,ANTM,0.6891929435440072,0.0064219853955494,0.0046277814560364,0.1781502342155261,1.3877028240330302,3.7448669763321223,0.03698383599659686,0.03731478659197111
63,AMT,0.8383588749189664,0.0010623436104072,0.0047620662164001,0.183319635955354,0.22308459440328451,4.4237226105275225,0.04467095310407401,0.04472569991969274
64,SPGI,0.8648471784529852,-0.0007252998028715,0.0039544620997557,0.1522302545961794,-0.18341301157401604,5.489420489158708,0.04603600133839614,0.045998623738354956
65,LOW,0.93416709695959,0.001390265518292,0.0043660401755423,0.1680742894314304,0.3184271015369933,5.396966814772403,0.049608334018715505,0.04967997996193517
66,LMT,0.4637232500803834,0.0038768176428663,0.0049612250708189,0.1909864190344299,0.7814234564098081,2.299294734899895,0.025364480813642475,0.025564268734049947
67,INTU,1.6196026014323075,0.0004597550489747,0.004953138985598,0.1906751385667421,0.09282094653743965,8.34716244836594,0.08493156730621254,0.0849552603229064
68,AXP,1.2102673672726132,1.4295302278124946e-05,0.0055991433836902,0.2155436065178979,0.002553123093751425,5.482953921329872,0.06383688534902685,0.06383762204313444
69,GS,1.016239036234406,-0.001346993178419,0.0036988863303207,0.1423916562057413,-0.3641618201071384,6.927555092348269,0.05383782933730388,0.05376841339084723
70,CAT,0.6114482842058305,-0.001413443843056,0.0051513506243974,0.1983054578054121,-0.27438315620795917,2.93269205395971,0.03297734272226327,0.03290450230725522
71,NOW,1.5777504912521545,0.0017487542377684,0.0050379134418358,0.1939386006333364,0.3471187542140778,7.9975478859019535,0.08277476066018853,0.08286488096107768
72,BLK,1.2905910570748271,-0.0035318495487989,0.0033426606939399,0.1286784588221385,-1.0565982826800193,9.7809160837532,0.06797628637929415,0.06779427604464633
73,C,0.6696572048290529,-0.0045982013399264,0.0051590415852987,0.1986015276390728,-0.8912898382190831,3.2053781814107425,0.035977081237660406,0.03574011752980864
74,EL,1.2090915700885692,-0.0011487151954415,0.0043483668111703,0.1673939388072354,-0.2641716408309031,7.046114472826695,0.06377629181694433,0.06371709392806243
75,DE,0.9140182336236335,0.0007136307768957,0.0068033654159923,0.2619011191057671,0.10489378906771744,3.383971276742107,0.04856998249556033,0.04860675874401687
76,ADP,0.9671028663213954,0.0039466131356584,0.003135245476735,0.1206938403011575,1.2587891968728224,7.80970658573049,0.05130564595700679,0.05150903071833981
77,SBUX,1.0183022470852068,-0.004314412416183,0.0048861231970335,0.1880953109447356,-0.8829929664488195,5.239481142401155,0.05394415484528905,0.053721815915833464
78,PLD,1.077796551834388,0.002810522398493,0.0049236500585538,0.1895399381884218,0.57082090828334,5.551025732565908,0.05701013434623335,0.05715497180751728
79,MDLZ,0.5407713430372559,0.00163575078286,0.0033332381199356,0.1283157291250409,0.490739252343485,4.005285223601009,0.029335077236081943,0.029419374016925855
80,CI,0.7051891969882934,0.0056617281962987,0.0044878708194226,0.1727642597656133,1.2615622026810314,3.9498037737109146,0.03780818692159471,0.03809995842246277
81,PYPL,1.3706942958912112,-0.021841663555173,0.008160272248396,0.3141363580205284,-2.6765851543085764,4.203227670481086,0.07210432668845768,0.07097873839880539
82,CB,0.61868622504428,0.0050773269477143,0.0027876240583746,0.1073118693313607,1.8213815211061042,5.547359818640539,0.03335034276543192,0.03361199773235543
83,BA,1.08979018337385,-0.0066074722554167,0.0073210317926402,0.2818291098982075,-0.902532927402277,3.7423980492979636,0.057628214153987986,0.057287704678777335
84,ZTS,0.9420563096164156,0.0005722845578476,0.0040340413464196,0.1552937228188182,0.14186383051218085,5.886668035132498,0.050014896703772356,0.050044388816176476
85,DUK,0.4349388844883987,0.0028873582116983,0.0035165835722299,0.1353737623487081,0.8210691292820316,3.0239260222791877,0.023881107317225137,0.0240299044353068
86,AMAT,1.8948832978185637,-0.0017873471086297,0.0056930948071844,0.2191603434488376,-0.31394999893101333,8.50806273328015,0.09911788271378186,0.09902577356788574
87,NFLX,1.7253454122476757,-0.0134092599016784,0.0088141645083044,0.3393084756671927,-1.5213307953402346,4.961473918491833,0.09038091731877172,0.08968988451899862
88,GILD,0.513511664073846,0.0006265512551653,0.0034477325802385,0.1327232870689743,0.18172849563696664,3.6592841094766944,0.027930276940381575,0.027962565632765266
89,CHTR,0.626572193757843,-0.0066538179335837,0.0059405344376635,0.2286857345120987,-1.1200705935475976,2.586310759987385,0.03375673827711668,0.03341384042372738
90,MMC,1.0137330286824169,0.0043838958128671,0.0030155256444869,0.1160851273880994,1.4537750063183534,8.525217198467226,0.053708684744119675,0.05393460443093996
91,ADI,0.9956444353026752,0.0009037394958704,0.0038699049859733,0.148975159305266,0.23353015103628055,6.498279171595594,0.052776507172888065,0.05282308048406824
92,MO,0.4889963438761353,0.0003894937104509,0.0046017961104608,0.1771499070729346,0.08463949751391704,2.601863276150748,0.026666904429312757,0.02668697659818713
93,SYK,1.022316596014141,-0.002506425376661,0.0035041913093728,0.1348967120490303,-0.7152649942247629,7.348912776148024,0.05415103030299274,0.054021864177631884
94,SO,0.5007844850358409,0.0049224676905814,0.0035127438576083,0.1352259493921881,1.401317001784733,3.5292113301590335,0.027274394495837025,0.027528068945803445
95,CME,0.7306651826911581,0.0024329096695681,0.0037586395504192,0.1446919053114563,0.6472846456630188,4.86987914661827,0.03912106636880614,0.03924644393571766
96,MMM,0.759519931601393,-0.006075386594682,0.0026806753871062,0.1031947927112793,-2.266364149834794,7.02534038742703,0.04060806699914618,0.04029497802637584
97,BKNG,1.066774220030137,-0.0007057126402724,0.0064742043558399,0.2492297947319061,-0.10900376347185102,4.163236215421206,0.05644210949903309,0.056405741303829283
98,ISRG,1.4048872574934643,-0.0042184885027973,0.0044438455399198,0.1710694706038225,-0.9492878330045271,8.02131884869471,0.07386642677166819,0.07364903118516503
99,CCI,0.8624813182198392,-5.8536906010207054e-05,0.0049817278876001,0.1917756917445495,-0.011750321842329017,4.3486052571494955,0.04591407909714119,0.04591106245622686
100,NOC,0.3787376409811556,0.0068218232993162,0.005765495941763,0.2219474843726676,1.1832153501143896,1.608909717043169,0.02098483243432287,0.021336388276229832
101,VRTX,0.5932909671240693,0.0094330022364348,0.0048865868237976,0.1881131586364189,1.9303867047846628,3.052726207582414,0.03204162354377178,0.03252774388102422
102,BDX,0.4525663494635679,0.0017207750163743,0.0040047837473481,0.1541674276001071,0.4296798840920607,2.762069336620665,0.024789521097255504,0.024878199516949338
103,GE,0.948986430373173,-0.0069072177436474,0.0052300546339812,0.2013352330604142,-1.3206779330313645,4.537771152828376,0.050372033546851096,0.05001607698764997
104,USB,0.9730180992437064,-0.0005771834504784,0.0046169006649217,0.1777313692574593,-0.1250153495533759,5.311245390934891,0.051610481570425165,0.05158073699848821
105,TJX,0.9459416837304926,-4.7255911788131495e-05,0.0042235245007377,0.1625880319045729,-0.01118873864230634,5.642656578543043,0.0502151255733672,0.050212690287209115
106,CL,0.4197430015766819,0.0005697283436334,0.003333054122385,0.1283086459887603,0.17093282098453452,3.0539386251074667,0.023098002687252723,0.023127363067713524
107,PGR,0.5719830602879481,0.0055133106811131,0.0037213653745883,0.1432570054101628,1.4815289889999168,3.832485325217557,0.030943541872879114,0.0312276648255196
108,EOG,0.8476807141066183,0.0100071518822754,0.0086196174968063,0.331819229255371,1.1609740091115646,2.4990169130635804,0.045151344764770465,0.04566705332987164
109,TGT,1.1262817458967185,-0.0055705371903945,0.0074452301053517,0.286610225581591,-0.7482021524613922,3.81090802496643,0.059508770337041494,0.05922169827347169
110,PNC,0.997953562594644,0.0001702658998408,0.0048628341775602,0.1871987810819397,0.03501371702668802,5.179829819885692,0.05289550573875238,0.05290428022163477
111,REGN,0.7577568265821766,0.0037184060367525,0.0056522028409108,0.2175861737438991,0.6578684702959658,3.3688226600357782,0.04051720714508589,0.04070883148178389
112,D,0.4793239624332926,0.0028291248793782,0.003300607590112,0.1270595901768489,0.8571527520732021,3.570663864736246,0.026168447924037302,0.026314244045571176
113,CSX,0.7667113040548295,0.0004566942619731,0.0040793981918952,0.1570397717023935,0.11195138118177421,4.703916659511699,0.04097866718716158,0.0410022024692581
114,TFC,0.8163924332305215,5.415865565750692e-05,0.004432720446428,0.1706412010258294,0.012217927187614403,4.6177628096212535,0.043538934498101686,0.04354172551026234
115,WM,0.5918377155284227,0.0030827211123491,0.003508420067007,0.1350595015346901,0.8786636302017677,4.194110227004486,0.031966731676041735,0.03212559662584553
116,MU,1.4379979210163565,-0.0008878306248984,0.0067568482755577,0.2601104037182358,-0.13139715273910302,5.415562277614122,0.07557275170565692,0.0755269982422334
117,ATVI,-0.2362222754123068,-0.0023936472925553,0.0068931916462354,0.2653590533467266,-0.3472480405883608,-1.0064925968660448,-0.010706511897097818,-0.010829866116672363
118,GD,0.6378997569133481,0.0049494171281922,0.0034605293023204,0.1332159073574947,1.430248582167315,4.6119355130224635,0.03434049291677248,0.034595556179056734
119,FDX,0.6083627174296484,-0.0025847608356325,0.0053454234094676,0.205776448482819,-0.4835465102828852,2.8055297914339197,0.0328183311240195,0.03268512805911601
120,EW,1.3628225365076625,0.0019887617118007,0.0047420314271452,0.182548380347861,0.41939024284323967,7.3204993419988,0.07169866344038588,0.07180115228644181
121,FISV,0.7017281186568995,-0.0011908978201002,0.0038148115131694,0.1468542909848851,-0.31217736865609513,4.576449324902409,0.03762982371086466,0.03756845198260361
122,HUM,0.7933763060941511,0.0039877289461502,0.0062630025138422,0.2410994069908051,0.6367120142993246,3.1891328337843032,0.04235282140225598,0.04255832502576688
123,LRCX,1.7994140730156785,-0.0018942948423873,0.0060081093108494,0.2312870845541272,-0.31528967673184577,7.648735689602618,0.09419797168278997,0.09410035109238238
124,EQIX,0.7617222509831426,-0.0019733895207963,0.0047545251759748,0.1830293374331002,-0.4150550155393182,3.9954406857296334,0.040721561326165265,0.04061986467060055
125,SHW,0.9221049787513604,-7.365078005643977e-05,0.0049552906095426,0.1907579670912352,-0.014863059679004,4.684288376505565,0.04898672481897261,0.04898292929967318
126,NSC,0.6821453605742389,-0.0007252269363145,0.0043442919326547,0.1672370730241692,-0.16693789173402304,3.904362363143961,0.03662064585583283,0.0365832720108968
127,FIS,0.7191988564459477,-0.0054729318705328,0.005765474612778,0.2219466632959335,-0.9492595559094409,3.087498205195907,0.03853016071208547,0.03824811864106943
128,AON,0.9093644858385412,0.0055591051786674,0.0048458901401661,0.1865465064965933,1.147179365992984,4.751938847128167,0.04833015625720338,0.048616639183480824
129,MRNA,1.3646581521457255,0.0045745891435904,0.0163893103955748,0.630919915588091,0.27912029445885433,2.125098143461781,0.07179326005667781,0.07202900693360359
130,ITW,0.7974230941273207,-0.0018862074723102,0.0029929790247686,0.1152171768114048,-0.6302107220601156,6.657608768791511,0.042561368576757345,0.04246416476087931
131,DG,1.052739481190064,0.006087330534364,0.006334471994818,0.2438506831467913,0.9609846786510103,4.225375949035909,0.05571884326764877,0.05603254775940667
132,OXY,0.8006853475427025,0.0190940068817829,0.0130460589851825,0.5022187166527163,1.4635842826917738,1.5756349339160087,0.04272948554426562,0.04371347609491143
133,PXD,0.782791181431209,0.0106701987092861,0.0073247188416015,0.2819710458652052,1.4567383322187875,2.7130281330594386,0.04180732758787592,0.04235720560816027
134,PSA,0.753570196950448,0.0027775961051919,0.0043268411369807,0.1665652903641423,0.641945478758697,4.369948813851654,0.04030145337364439,0.04044459401132935
135,BSX,0.8296246135705501,-0.000682174572748,0.0032898798058036,0.1266466153409973,-0.20735546980913763,6.320551377093743,0.04422084167974472,0.04418568649531273
136,APD,0.7760535324778651,-0.0019296175144207,0.0037794129155482,0.1454915930016211,-0.510560120722033,5.125092794572235,0.0414601095867143,0.04136066867772614
137,ICE,1.0205358549391552,-0.0011461139953506,0.0045732508663682,0.1760510345420797,-0.25061253555521096,5.628616403881194,0.054059261592434425,0.05400019775379802
138,HCA,0.9174142654305584,-0.0015049738602805,0.0058123642013925,0.2237517163809379,-0.2589262833736305,3.966196576831631,0.04874499359869839,0.0486674362757827
139,MET,0.8153480567943363,0.0038520523510178,0.0037661612204256,0.1449814581535817,1.0228060153469727,5.454036117554522,0.043485113602839326,0.04368362526869667
140,SLB,0.732209689224636,0.0058494098703602,0.009301914266236,0.3580848017403984,0.6288393660638576,1.981634226435088,0.03920066096850239,0.039502104456761535
141,ETN,0.8761948075994928,-0.0010366868686239,0.0029439435871785,0.1133295175140658,-0.35214223300300035,7.471064373196351,0.046620790058832254,0.04656736543774459
142,KDP,0.4208612452005971,0.0021182812554631,0.003047136480957,0.1173020124062018,0.6951711118623151,3.3632289707862,0.02315563025416757,0.023264793760386603
143,MCO,1.0307751922357962,-0.0026672664290655,0.0032894793591381,0.1266311998189123,-0.810847595579493,7.894120305550755,0.05458693560067952,0.054449480692524053
144,CNC,0.6952492008547939,0.0055763532486174,0.0051685045343029,0.1989658116048325,1.0789103911213864,3.379271788857825,0.037295939160850944,0.03758331094916519
145,MNST,0.734069902898999,0.0034566734601568,0.0041821731718374,0.1609961786594063,0.8265256645597345,4.404207492770379,0.03929652521999701,0.039474661430092726
146,NEM,0.210297405315248,0.000555556340346,0.0060680653580328,0.2335951416544514,0.09155411281300128,0.7807823414640713,0.01230443332951599,0.012333063369959379
147,AEP,0.4109360166961504,0.0037767923491062,0.003897098494652,0.1500219956751937,0.9691293033237686,2.57460119302441,0.02264414352841941,0.02283877674533825
148,GM,1.3539703142712116,-0.0073507027538025,0.0061510908212327,0.2367912748027942,-1.1950242595067706,5.566732188993032,0.07124247301965261,0.07086366190393815
149,KLAC,1.7360661302144742,0.0058245823311154,0.0058794414895962,0.2263339114818847,0.9906693248707594,7.570340216926479,0.09093339879847272,0.09123356282432442
150,EMR,0.7813647152693958,-0.0013816964976036,0.0028693665052877,0.1104586117178083,-0.48153363993668796,6.803607315758356,0.041733816080693036,0.041662611733385535
151,SRE,0.5646006584575568,0.0041230634182171,0.0038071594049195,0.1465597168158331,1.0829763032484003,3.6862634127129326,0.03056309717695173,0.03077557512714613
152,MCK,0.761365605315116,0.0128626775713408,0.0033717371042063,0.1297977790295221,3.814851862351424,5.745570443981445,0.040703181948309186,0.04136604717427066
153,SNPS,1.1547335377354262,0.0056116315858144,0.0051378217983715,0.1977846545764653,1.0922199729840922,5.722785580838103,0.060975004977657454,0.06126419479980081
154,KHC,0.3062961077391055,0.001290059198894,0.005042251875153,0.1941056121741659,0.25584981290821673,1.4379809208584464,0.017251630460227062,0.017318112370982866
155,LHX,0.5571169770404993,0.0032974901325346,0.0050980109789459,0.1962521045041756,0.646818954716416,2.7105363711486508,0.03017743313880509,0.030347365995295132
156,STZ,0.7228144780130377,0.0032074628731023,0.0031595917463615,0.1216310698737819,1.015151048168146,5.735014430194543,0.03871648815392388,0.03888178154562634
157,MPC,0.5753544012170311,0.0097531807759767,0.00680262623619,0.261872663774381,1.4337375650729915,2.125619276063835,0.031117280556318478,0.03161990097442766
158,HSY,0.4055042322123946,0.0056011217890567,0.0030300701070845,0.1166450283780058,1.848512275660195,3.2803743058936967,0.022364221946833542,0.02265287015711079
159,F,1.4760237623400212,0.0008702325908211,0.0072210217727021,0.27797914233921,0.12051377467256406,5.210563579491036,0.07753237541243065,0.07757722197876601
160,KMB,0.4086010685293041,0.0017895400148651,0.004195471695321,0.1615081162035273,0.42654083850950175,2.36473941695215,0.022523814309589156,0.022616036464715213
161,MAR,0.8615548020869386,0.0021232306332399,0.0059788323978362,0.2301600458294255,0.3551246283485583,3.6288315363786667,0.04586633201474829,0.04597575058220168
162,GIS,0.3321552382253409,0.0062119875417302,0.0040687375415761,0.1566293812444022,1.5267604455321717,1.9785638128998653,0.018584254890704716,0.01890438345668024
163,VLO,0.3450318337754721,0.011015768173566,0.0085477595215655,0.3290529976947377,1.288731643160276,0.9955283928242323,0.019247837365785177,0.019815523962841728
164,FCX,0.9697366586867886,-0.0006069509169258,0.009252561939662,0.3561849435423073,-0.06559814685747158,2.640941805161205,0.05144137581276496,0.05141009720421211
165,ECL,1.117218066744176,-0.0030673423406993,0.0030017370939816,0.1155543258527773,-1.021855760402614,9.39544855972506,0.059041682695594365,0.05888361027540876
166,ADM,0.4777144611842322,0.0057585374227801,0.0050184256786886,0.1931884032435099,1.1474788691669742,2.3552500614308904,0.02608550388666822,0.026382264354213772
167,EXC,0.6694249602483933,0.0086241003385476,0.0039584688195965,0.1523844965552837,2.1786455146125627,4.26278968839378,0.035965112745440696,0.03640954713228741
168,SYY,0.9063088026472664,0.0053539648042024,0.0048158305413255,0.1853893376404677,1.1117427738079806,4.76401058816168,0.048172684679624225,0.04844859590184399
169,ORLY,0.9626321382997948,0.0048476531251178,0.0053135877320021,0.2045509080266044,0.9123126161862126,4.590611698984891,0.05107525145914162,0.05132507041529144
170,O,0.5022466476363506,0.0026664590463904,0.0028944537850069,0.1114243670803423,0.9212304788566674,4.275968705653045,0.02734974558329169,0.027487158883788373
171,AZO,1.0560458664886176,0.0093518527499779,0.0049771565638303,0.1915997148951669,1.8789549072936815,5.411969009483907,0.055889234527624426,0.05637117290724178
172,ROP,0.9721150337344624,-0.0009719411615408,0.0032493876233397,0.1250878356409698,-0.2991151792908736,7.536121220280896,0.05156394299247179,0.05151385497665294
173,CDNS,1.361267793638692,0.0065029938483267,0.0046503619849475,0.179019490154347,1.3983844417651534,7.4813350564918775,0.07161854132137636,0.07195366660635602
174,COF,1.038418844156176,-0.0039467915781374,0.005825795563886,0.2242687676714497,-0.6774682590311765,4.48571623692079,0.05498084355874437,0.05477744960155664
175,PAYX,0.9939148034255684,0.0037264964625791,0.0033541977294283,0.1291225864443981,1.1109948676801042,7.505854138892169,0.05268737232373324,0.05287941359243579
176,RSG,0.6589653524840776,0.0046193838519957,0.0031741793924264,0.1221926332465974,1.455300183416716,5.19768434038358,0.03542608731891445,0.0356641426463432
177,PSX,0.4347549257957374,0.0033091709903504,0.0083273163894387,0.3205668589276689,0.3973874457979438,1.2777306367733647,0.02387162718995753,0.02404216200777425
178,IQV,1.1342661909122067,0.0003164585893487,0.0039344668287709,0.1514605202768335,0.08043239481257983,7.303003102589635,0.05992024072646966,0.05993654910341316
179,AIG,0.9503791485239568,0.0048093992501137,0.0044490397434737,0.1712694257202193,1.080997142623554,5.4109047419119465,0.050443805884033584,0.050691653464988946
180,TRV,0.4546189569530053,0.0034885891779908,0.0033786721311767,0.1300647485679094,1.0325326171189682,3.303289714250835,0.024895300171616175,0.025075081126314753
181,CTVA,0.7519257551803954,0.0061136048098266,0.0048394048113951,0.1862968484583966,1.2632968408493552,3.916187343089428,0.040216708711466494,0.0405317672217361
182,NXPI,1.2180583546602588,-0.0010120744886494,0.0061613740988818,0.2371871379910389,-0.16426116518928413,5.011149804491146,0.06423838609306178,0.06418622984636371
183,APH,0.923165454930454,0.0011415492785567,0.0028192455631035,0.1085291650328149,0.4049130354221618,8.254380321991274,0.04904137539838601,0.04910020399890715
184,ADSK,1.6807530132529187,-0.0045929669517205,0.0056140238218121,0.2161164411605501,-0.8181238800368996,7.624103179994287,0.08808289262897591,0.08784619867008595
185,WMB,0.5614935969923163,0.0060821431864865,0.0055545987633659,0.2138288249061879,1.0949743528911395,2.5212210767903898,0.030402977871402025,0.03071641503837442
186,KMI,0.6324754218656172,0.0015632954909313,0.0060124019085334,0.231452331614746,0.2600118080450536,2.616403615948568,0.034060955234422714,0.03414151810425237
187,XEL,0.4310179127704176,0.002328061146956,0.0039483209993989,0.1519938479124835,0.5896332003680623,2.6637918539341103,0.0236790439607107,0.02379901826385793
188,CTAS,1.2008646419357705,0.0027268542836005,0.0027991653509407,0.1077561608333119,0.9741669182508641,10.905413547882182,0.06335232530151799,0.06349285101016905
189,DOW,0.5164935981080394,-0.0013535079543077,0.0051338064450779,0.1976300802655335,-0.26364608186687527,2.462550688133315,0.0280839479288997,0.028014196249982408
190,WELL,0.4070127626151745,0.0007052306390198,0.0036599737494097,0.1408936845601325,0.19268734895531514,2.691760063186736,0.0224419625526104,0.02247830590836165
191,DVN,0.8662044064883073,0.0178902717405253,0.0095206778110706,0.3665062834201927,1.8790964357309283,2.3345539133577966,0.046105944727968425,0.04702790199184465
192,TEL,0.9103253241020024,-0.0008766120034362,0.0038805164293746,0.1493836555026934,-0.2259008612360078,5.897450488368067,0.048379672096272586,0.04833449677328751
193,DLR,0.758290198934683,-0.0012145402265516,0.0048137795299752,0.1853103822801297,-0.2523049132160519,3.931833984383605,0.04054469395589995,0.04048210383986484
194,PRU,1.03964850151932,0.0026108792844718,0.003526600005019,0.1357593531257002,0.7403389328974193,7.467576689652579,0.055044212721296636,0.055178761774342604
195,CMG,1.1766474071926225,-3.069772198877399e-05,0.0051972484246993,0.2000723311877115,-0.005906533511634108,5.73867812033148,0.062104314326264606,0.062102732349859635
196,AFL,0.9581273919048774,0.0038991280197736,0.0035889330860154,0.1381589160878619,1.0864309604898743,6.757150000590298,0.05084310385842595,0.051044041521796965
197,CTSH,0.8280584358544605,0.0016408027523938,0.0030244241640091,0.1164276831790589,0.5425174060965025,6.8818103798785115,0.04414013027732376,0.04422468740636563
198,WBA,0.7817911257874637,-0.0015534915002062,0.0043893903718672,0.1689731743471867,-0.3539196491072999,4.449059072196888,0.04175579072033115,0.04167573308935952
199,A,1.057444301154365,-0.0010861164388206,0.0037308511705723,0.143622168889106,-0.2911176000231586,7.15691868926728,0.05596130145968905,0.05590532953513086
200,MSI,0.9787825221956108,0.001793044103805,0.0032356499419972,0.1245589923556933,0.5541526852247329,7.6438444811800625,0.051907545342828605,0.051999948077674094
201,DLTR,1.15105393514814,0.0144133360856658,0.0087183604303537,0.3356204192868617,1.6532163588333153,3.387759522050972,0.060785380337924244,0.06152815719976294
202,HPQ,0.958186925056676,0.0048550339016316,0.006231632854904,0.2398918062991596,0.7790949843604663,3.895822760168952,0.05084617183987074,0.05109637115695742
203,ALL,0.7541196023207593,0.0021698896880652,0.0043189945992275,0.166263231472254,0.5024062054750679,4.377537267644672,0.040329766429998005,0.04044158952518276
204,KR,0.673239061560678,0.0074758400478047,0.0076127635898003,0.2930595641635888,0.9820139506001406,2.2256530117692757,0.036161668642467976,0.036546928583491546
205,EA,0.2719613440153443,-0.0007955156098098,0.0056418871415228,0.2171890624542815,-0.1410016878847177,1.1174587967873524,0.015482222746486751,0.015441226645050814
206,AJG,0.928142639147031,0.005789614387615,0.0031355840153594,0.1207068726225431,1.8464229818927036,7.501364535937302,0.04929786960980309,0.049596231597654444
207,BK,0.9477161555880492,-0.0002633637449362,0.0046435506271619,0.1787572813624332,-0.05671602747166896,5.140975432378907,0.05030657120607453,0.05029299901884298
208,SBAC,0.919672111728184,0.0024947234518996,0.0051482858142985,0.1981874754326217,0.48457361185560527,4.509370903631685,0.04886134944980023,0.04898991252817042
209,HES,0.8062100583393721,0.0071927022265192,0.0085321034906105,0.3284503059712814,0.8430162895275124,2.389818935454192,0.0430141959904612,0.04338486470700264
210,JCI,0.9775859016620804,-0.0046484227986561,0.0037593956503442,0.1447210119968104,-1.236481400469382,6.526153084696783,0.051845878700253645,0.051606326879747706
211,MSCI,1.4865687443206204,-0.0007638562272608,0.0044996635528552,0.173218230689482,-0.16975852045118026,8.413311244968458,0.07807580051381885,0.07803643594700319
212,ED,0.5343890237875558,0.0064839171919821,0.0034358198102193,0.1322646952384734,1.8871528631090368,3.874102155950744,0.0290061707958679,0.029340312984439506
213,BAX,0.6328669065080512,-0.0018517356633891,0.0048530607320659,0.1868225442997079,-0.3815603730557137,3.225248714512899,0.03408113000398591,0.03398570265830882
214,YUM,0.7308893318303813,0.0019088330450655,0.0032397650041879,0.1247174050422167,0.5891887351700005,5.647424789162597,0.03913261767054687,0.03923098747269127
215,MCHP,1.4991151701277254,0.0009184725552708,0.0057035506455496,0.2195628495030645,0.16103522390696595,6.702261543852194,0.0787223680213622,0.07876970058602552
216,SPG,1.0504804044558962,-0.0016669785876247,0.0045668155295973,0.1758033009868359,-0.36501990869153705,5.803915058140318,0.05560242400723016,0.0555165179326955
217,WBD,1.1123663127982992,-0.0094882873540791,0.0093752803160044,0.36090908786408,-1.0120537236504585,2.976960297128479,0.05879165240774755,0.05830268300724244
218,PH,0.9841928709201824,-0.0016159238526713,0.0036307645155905,0.1397692512013882,-0.445064350974161,6.826329388377197,0.05218636225400068,0.052103087234177115
219,GPN,0.7933206806736356,-0.0071914618605985,0.0060514057601231,0.2329538167998249,-1.1883952499083796,3.2524181368708383,0.042349954801835135,0.04197935000631105
220,HLT,0.9601026167782912,0.0004612235664404,0.0052532657459685,0.2022287638107817,0.08779749373889101,4.6091259362929335,0.05094489509705245,0.0509686637923254
221,TSN,0.4392053668151561,0.004475881742029,0.0050192100865988,0.1932185996679192,0.8917502285826854,2.148940367391167,0.024100976217452254,0.024331636307145976
222,WEC,0.4259424623543848,0.0033227277930025,0.0037675668189522,0.1450355678191089,0.8819293598956225,2.7634544834358956,0.023417485698970866,0.023588719153055458
223,PEG,0.5076987975828624,0.002510951199921,0.0031605608691513,0.1216683770486385,0.7944638005327394,3.9594819990916794,0.027630716678635227,0.02776011603777196
224,RMD,1.0052463824561768,0.0006197064757314,0.0055038902969233,0.2118767609940774,0.11259426374792005,4.6130594235355025,0.05327133391749662,0.05330326987101696
225,BKR,0.2708196594133132,0.0072559851933553,0.0086226112495793,0.3319344762182544,0.8415067064178873,0.7519846912272666,0.01542338717220568,0.015797317113160052
226,TT,0.991188474237316,-0.0043294311688394,0.0037810649799399,0.1455551905723204,-1.145029559610535,6.584396195697951,0.05254687367534585,0.05232376076949087
227,CARR,1.021549524069914,-0.0026230600315108,0.0043608655109442,0.1678750864831264,-0.6014998685301954,5.899984832698551,0.05411150001741895,0.05397632324175507
228,IDXX,1.3878126689645516,-0.006740265968449,0.0057937113637595,0.223033660132028,-1.1633762100422083,6.0645841627465895,0.0729865049264192,0.07263915206000116
229,ABC,0.7370705910117304,0.0062171828118623,0.0034334738250824,0.1321743846208353,1.8107558492056057,5.408171756382151,0.03945116268119851,0.039771558980225025
230,BIIB,0.646332128440618,-0.007555025921863,0.004587623310329,0.1766043135337922,-1.6468278694226952,3.455810848028781,0.03477504675105881,0.03438570604520152
231,IFF,1.0137559109540848,-0.0009599710818551,0.00593464252364,0.2284589204602197,-0.16175718723261934,4.308564261309401,0.05370986395910781,0.05366039280937548
232,OTIS,0.7717616599954449,-0.0013534937784218,0.0032487336514472,0.1250626604578011,-0.41662195908823263,5.9325634326112135,0.04123893223020526,0.04116918128182807
233,ILMN,1.4526209455858008,-0.0123717062258759,0.006507822998261,0.2505239718831424,-1.901051431359124,5.635321956409245,0.07632633465381866,0.07568877114517437
234,ANET,1.5220884367346177,0.0062518226389694,0.0067404199069147,0.2594779802234485,0.9275123397810766,5.780352760885436,0.07990627234268179,0.08022845377055844
235,MTB,0.8314953186128163,0.0054948306552137,0.0064591530326349,0.248650381728136,0.8507045161263471,3.2516505450292725,0.044317246593392874,0.04460041719637866
236,HAL,0.8303681346762234,0.0095879755478144,0.0090333562352128,0.3477464405663152,1.0613968162176142,2.3335684152582625,0.04425915829640449,0.04475326502828556
237,ODFL,1.2265264570531342,0.0044221897717978,0.0051927116114557,0.1998976828492765,0.8516147444125256,6.0154906734542175,0.06467478128177621,0.06490267440947604
238,PCAR,0.6902818479384951,0.0009425649233421,0.0037104249147871,0.1428358434571788,0.25403153142533896,4.640000694647262,0.0370399515956624,0.037088525736421914
239,TWTR,1.1136545998282794,-0.0079779973416019,0.0078545671604524,0.3023679904916366,-1.0157144472289916,3.5625814780697587,0.05885804299155055,0.05844690487654843
240,ES,0.5498062618855585,0.0022722006760693,0.0041663936098032,0.1603887315059682,0.545363901942195,3.264646198303175,0.02980068274401037,0.029917778333650925
241,LYB,0.5435076651344568,0.0006123851436375,0.0057062200187321,0.2196656092081586,0.10731888038442122,2.3474500725757776,0.029476090859039093,0.02950764951503131
242,VICI,0.7051732560456802,0.0026899236618165,0.0036396063695987,0.1401096256070127,0.7390699401685817,4.849040005381984,0.03780736542105808,0.03794598794704613
243,TDG,1.0744836747356132,-0.0011374763223299,0.0042597231376116,0.1639815280535672,-0.2670305758340144,6.371938417795182,0.05683940853782509,0.05678078983303014
244,DD,1.0956915428858447,-0.0033886569376706,0.0045650981004937,0.1757371871480665,-0.7422966304500943,6.053567279712082,0.057932334815079124,0.057757703768453204
245,FAST,0.9841202424398204,0.0015896535760388,0.0029482421605875,0.1134949946151119,0.5391869084872009,8.434238877776924,0.052182619417893705,0.05226454062528129
246,NUE,1.1316372323183224,0.0069444017752678,0.0088449309753641,0.3404928559938651,0.7851278652835315,3.260319899673877,0.059784759974292424,0.060142632775379075
247,PPG,1.0874368862006965,-0.0040358182804004,0.0041428254569504,0.1594814561753058,-0.9741704839699498,6.614782014284384,0.05750693933746669,0.05729895747820453
248,GLW,0.8433224847537657,-0.0013772018405457,0.0055322641500667,0.2129690356900882,-0.248940000547352,3.8197068427214567,0.04492674777330056,0.04485577505364988
249,CMI,0.6833291633995251,-0.0013876962509191,0.0037715105387022,0.1451873845381632,-0.36794176674808254,4.500910800392832,0.036681651950631125,0.03661013841203626
250,AVB,0.6210481113279025,-0.0007903879990057,0.0029788539482079,0.1146734204301889,-0.265332914183726,5.16067037251382,0.033472060213172124,0.033431328358031365
251,EQR,0.599798288759637,-0.0005113395501798,0.0033210020811603,0.1278446927992357,-0.153971463336496,4.464956164475761,0.032376971856939135,0.032350620484560166
252,VRSK,0.9661553488376772,0.0023125789766928,0.0044143662829523,0.1699346424830161,0.523875643401789,5.531549742179952,0.05125681659100085,0.05137599303598574
253,DFS,1.0574895397575748,-0.0003584894156135,0.0056348364816902,0.2169176415342409,-0.06362019852366137,4.742191751054901,0.05596363278586686,0.05594515839232263
254,AWK,0.8524419697639294,0.0012386036639072,0.0045830201998969,0.1764271130308338,0.2702592635168974,4.677368230151878,0.045396711313814335,0.04546054151503013
255,AMP,1.2242558541599948,0.0023733383428186,0.0033342529445484,0.1283547956289758,0.7118051276520808,9.334775429554194,0.06455776803228118,0.06468007565043998
256,TROW,1.377903341911052,-0.0068241371120716,0.0036233855072671,0.1394851902374927,-1.883359388170273,9.625489290389874,0.07247583766604415,0.07212416258411065
257,HRL,0.2126682618472646,0.0013019677042915,0.0042069240881665,0.1619489854379822,0.3094821007000712,1.1454485438724424,0.012426613050036934,0.012493708653709891
258,MTD,1.1570350872084807,-0.0001938270707965,0.003473856003634,0.1337289296302401,-0.05579594277763313,8.437779792731735,0.06109361302820185,0.06108362434393541
259,CPRT,1.1046799307866466,-0.0008682907798346,0.0036346386191758,0.1399183879892085,-0.23889329058840403,7.6855205056375455,0.05839554239715905,0.058350795900111045
260,LVS,0.8660320038303991,-0.0043646746051451,0.0077353575276006,0.2977789181218506,-0.5642498862620718,2.7980534501247316,0.04609706012939579,0.045872130988294235
261,AME,0.90087322097551,-0.0014236266202705,0.0020438209092608,0.0786785584277037,-0.6965515490226544,11.07015191636449,0.04789256741375193,0.04781920223950291
262,APTV,1.4741264722814698,-0.0053244526546675,0.0066406076231203,0.2556356246791167,-0.8018020272918395,5.634332153176089,0.07743460046655326,0.07716021012344762
263,ROST,1.3347704160681435,-0.0053518867104699,0.0061660222545361,0.2373660725466904,-0.8679642222395042,5.480785503167364,0.0702530254656557,0.06997722133591834
264,FRC,1.118649487853829,-0.0019936769782646,0.0032813942911149,0.126319958509083,-0.6075700758250604,8.614551680661913,0.05911544955105922,0.05901270740166133
265,OKE,0.9585458160985952,0.0038435959254221,0.0055693045640405,0.2143949367373971,0.6901392949919033,4.356088936782769,0.050864666930825,0.05106274280324571
266,KEYS,1.055225331440404,0.0009744844437508,0.0036856744989253,0.1418830559445037,0.26439785825768075,7.243527488484204,0.055846949074449787,0.05589716815577404
267,ENPH,1.581967484114827,0.0098368128028645,0.0108823343193053,0.4189243649928847,0.9039248854369377,3.731791291118253,0.08299207917037349,0.0834990094813563
268,ALB,1.62679764263669,0.0088506010176591,0.0084694333698324,0.3260377683869133,1.0450050943413045,4.929435787779913,0.08530235655963918,0.08575846343248322
269,WY,0.8470120823785776,0.0031428847657739,0.0043294538176005,0.1666658676426422,0.7259310061230244,4.930157438751536,0.045116887497297614,0.04527885292081701
270,DTE,0.5204628776181682,0.0033625231048056,0.0032831190072233,0.1263863528670676,1.0241855678723801,3.919405770368181,0.02828850077917468,0.02846178504485773
271,K,0.1751806311813078,0.0037291020407967,0.0039240531204309,0.1510596360524078,0.9503189499094262,0.9959227835681427,0.010494725491297516,0.010686901035867932
272,CBRE,0.8302383534032265,-0.0001561945648948,0.0042470672252386,0.1634943283500211,-0.03677704086401058,4.9030212052504405,0.04425247014828187,0.044244420817574584
273,EIX,0.7286300528688961,0.0041170166922418,0.0040717963778831,0.1567471336511834,1.011105740602434,4.493103338836211,0.03901618798854569,0.039228354326763686
274,EBAY,1.3684758173054512,-0.0050700843146554,0.0051223232889111,0.1971880267718489,-0.9898017029950475,6.7698823039359874,0.07198999961301912,0.07172871788794766
275,SIVB,1.5251813552342106,-0.0013838895037538,0.0065338559440745,0.2515261314358458,-0.21180287958580385,5.945034248307738,0.08006566280463981,0.07999434544295336
276,ARE,1.1163229607290734,-0.0017871142325059,0.0034771731436989,0.1338566256515631,-0.5139560667964977,8.1136801500112,0.058995554302212073,0.0589034571573541
277,STT,1.2931437772678835,-0.0013082727826012,0.0054022854096066,0.2079653977102094,-0.24217024525856545,6.074902452021042,0.0681078382617231,0.06804041773214453
278,FITB,0.9141923040383938,0.0009659274687832,0.0052709408790563,0.2029091825231363,0.18325522728233254,4.369897017381526,0.04857895304031458,0.048628731146490856
279,DHI,1.4112108484406307,0.000367354102848,0.0052846764660089,0.203437945183157,0.06951307335668055,6.7986933376575855,0.07419230670753946,0.07421123793387563
280,GWW,0.8086372259607411,0.0029981281539686,0.0031738881874733,0.1221814230736267,0.9446231174121416,6.409888953763214,0.043139277646660826,0.043293783182947444
281,AEE,0.5725111034873482,0.0032686802082487,0.0033572845628099,0.1292414166214816,0.9736083275327003,4.2348172745471615,0.030970754051117003,0.03113920221696889
282,EXR,0.9015937795928616,0.0029644575940909,0.0042787145848296,0.1647126193555482,0.6928383595862025,5.318913879305278,0.047929700681538526,0.04808247103919241
283,ROK,0.9506532968350672,-0.0042736317364972,0.0045203391098639,0.1740141531760203,-0.9454228173217456,5.274936827523875,0.050457933843098345,0.0502376965051897
284,MKC,0.5235167503572855,0.0006693055989406,0.0042270845687317,0.1627250796353239,0.1583374044350902,3.0463654223870273,0.02844587905691235,0.028480371051648155
285,ETR,0.6051062045188935,0.0037480741401864,0.0044725877330906,0.1721759248506134,0.8380101998796222,3.370902634399366,0.03265050998767666,0.03284366324041702
286,CHD,0.6150559816359757,0.0034486676532978,0.0036331079136392,0.1398594622269505,0.949233475931451,4.218796782814848,0.033163261801628374,0.03334098544047342
287,ZBH,0.712891123869473,-0.0052655519945671,0.0042399271942256,0.1632194670132515,-1.241896795241746,4.161020644797021,0.038205098021489414,0.03793374306500139
288,WTW,0.7831060503281144,-0.0001047476717405,0.0038533907059365,0.1483394285810734,-0.027183247102124018,5.086545835276629,0.04182355404160905,0.04181815597509357
289,LH,0.6143522710559096,-0.0007443442575857,0.0050912991032199,0.1959937253555544,-0.14619927890603657,2.9855135705840143,0.03312699678059524,0.03308863774362482
290,ON,1.6628521346865073,0.0124654697496974,0.0084293453644339,0.3244945478137676,1.4788182487210926,5.075128736466038,0.08716038875293447,0.08780278427101537
291,WST,1.199289844209383,0.0005426770761295,0.005925164440269,0.228094053884626,0.0915885257869506,5.1354539995067565,0.06327116967548634,0.0632991359959276
292,EFX,1.1895116882493078,-0.0019552117005787,0.003667321011823,0.1411765234392369,-0.5331444109406659,8.21022113529809,0.06276726218623983,0.0626665023064622
293,TSCO,0.8215256065225752,0.0042981634516972,0.0048509571019241,0.1867415633359289,0.8860444158519486,4.269846282372113,0.043803467450534386,0.044024969005854155
294,BALL,0.9222966423096176,-0.001332936740729,0.0047446931210235,0.182650844431858,-0.28093212916612526,4.886359591410786,0.04899660200878383,0.048927910446787105
295,FE,0.4602418436087075,0.0018337168828574,0.0038270911745398,0.1473270065981893,0.47914115426787574,2.9431777004345525,0.02518507001253113,0.025279568778372306
296,FANG,1.1264130134087302,0.0105058896717386,0.0093212555500364,0.3588293602879023,1.1270895444656672,3.0890808438615927,0.05951553507700551,0.060056945595348875
297,CTRA,0.9461011342111184,0.0140829911568154,0.0101481621442515,0.3906618063170098,1.3877380905657695,2.3849736787728713,0.05022334269443577,0.0509490955607111
298,LUV,0.9066861563422872,-0.0038938074477299,0.0067603855552647,0.2602465741952291,-0.5759741683220373,3.3596075245112127,0.048192131224943424,0.04799146775193211
299,CDW,0.9880636211400424,0.0008027714947148,0.0035038016918512,0.1348817134037006,0.229114420653945,7.12031578187535,0.05238583749583095,0.052427207522039575
300,HIG,0.6834359593377559,0.0033556516978517,0.0033591612675088,0.1293136619046352,0.9989552244213321,5.090920799390108,0.03668715557251191,0.036860085727109
301,DRE,0.8473831409144328,0.00544190376827,0.0047567642570949,0.1831155326931336,1.1440347837615008,4.501852096098095,0.045136009627884374,0.045416452696678405
302,ANSS,1.2529804514923335,-0.0034459265405997,0.0039541229340805,0.1522171981359626,-0.8714768352039169,8.021882808938958,0.06603806143120591,0.06586047905286264
303,STE,0.9976604672377152,0.002666527613176,0.0044211647053396,0.1701963533161882,0.6031278612976211,5.710233949874253,0.052880401362628414,0.05301781819664582
304,VTR,0.366790805486601,-0.0009628720475721,0.0042464725576197,0.1634714361333936,-0.226746325216293,2.0637362796748153,0.020369164213946495,0.020319543565846913
305,NTRS,1.244599660424356,0.000364071368979,0.0043946579886855,0.1691759555672745,0.0828440733991904,7.1907247558568255,0.06560616574430876,0.06562492779823773
306,MTCH,1.579354784686452,-0.0094806180346759,0.0076460765000517,0.2943419719047618,-1.2399324064586323,5.236793640665419,0.08285743631803162,0.08236886214823262
307,ULTA,1.3059120686735408,0.0058199803294281,0.0059218942725927,0.2279681661038422,0.9827903136271327,5.6291458186246315,0.06876583939102225,0.069065766257319
308,LEN,1.437578289724387,-9.729730622178328e-05,0.0055220658381284,0.2125764433264119,-0.017619729476959726,6.628274376830255,0.07555112642665655,0.07554611230727772
309,MAA,0.6746771628811524,0.0009087105720357,0.0034015364111852,0.1309449277374265,0.2671470953677304,4.941923941878882,0.036235779755917304,0.03628260924653659
310,PPL,0.6057538579786826,0.0015751561383928,0.0036788905883978,0.1416219037572477,0.42816063716610797,4.087383369095907,0.03268388616107343,0.03276506025750936
311,WAT,0.8142243972821332,0.0010060469698041,0.0045479554699802,0.17507726755807,0.22120862362103993,4.493812676114457,0.04342720693353745,0.04347905255807934
312,FTV,0.9745831315048574,-0.0018837620598068,0.0038665926489713,0.1488476481817794,-0.48718916907576787,6.343623033209841,0.051691133942971326,0.051594056148981236
313,IT,1.0790923067268878,0.0018527693548043,0.0046816984283626,0.1802258121872533,0.3957472663296462,5.839779903381286,0.05707690977886344,0.05717239039479392
314,CMS,0.4974066928436144,0.0035922257318005,0.0034918014343635,0.1344197536715044,1.0287600252547882,3.5153532547767714,0.02710032335300282,0.02728544511386543
315,LYV,1.1921289380644509,0.0041750662869443,0.0074706929601244,0.2875904390131555,0.5588593065233908,4.060767834837422,0.06290213953821341,0.0631172974042448
316,GRMN,1.0323163328152911,-0.0038701650266756,0.0043276131516103,0.1665950096990725,-0.8942955137372933,6.0024617159596865,0.054666356739303215,0.05446691165481851
317,ALGN,1.836788162401438,-0.0109393869393106,0.0066913949708951,0.2575907251926594,-1.6348440029160693,6.977668835389215,0.0961240080051957,0.09556025763866527
318,VMC,0.803055073082253,-0.0012574805536193,0.0034154735174753,0.1314814480492573,-0.36817165970849713,5.88167839647551,0.04285160698022082,0.042786803977370606
319,CTLT,1.02204250793179,0.002993762716457,0.0063002549875931,0.2425334714527684,0.4751811985947435,4.1090009749121235,0.05413690544775687,0.05429118601558676
320,DAL,1.3515219459581556,-0.0022890757121941,0.0081464627453874,0.3136047499014441,-0.28099014059693517,4.2115652606060205,0.0711162988070076,0.07099833357925536
321,CINF,0.7048279940778805,0.0021794001954919,0.003567277062003,0.1373252497216719,0.6109422278145625,4.941126236060934,0.03778957269080949,0.037901885900483975
322,GPC,0.8303992680910242,0.0036028576097044,0.0029746110039531,0.1145100848189605,1.211202945499897,7.034630416825509,0.04426076272580284,0.04444643238986134
323,AMCR,0.5703912744823689,0.0037309914312161,0.0036027576319193,0.1386911032955141,1.0355932350710157,3.9343278187854325,0.0308615107831744,0.03105378369559069
324,RJF,1.1478386088432964,0.0038891822413941,0.0044411161705105,0.1709644012948821,0.8757217987718263,6.570150174990351,0.06061968171213043,0.060820106829758434
325,MLM,0.8856773752850258,-0.0006135925429024,0.0033433543100487,0.1287051601418565,-0.18352602984918526,6.655504579598803,0.04710946470193851,0.04707784382383258
326,CNP,0.6800060966912645,0.0049874025096891,0.0038092806671809,0.1466413765424828,1.309276723203513,4.477095855757697,0.036510401030887624,0.03676742183182194
327,MPWR,1.4982201775819404,0.0055776640673734,0.0072731537788289,0.2799860065763935,0.7668838356765086,5.269305633125536,0.07867624547550771,0.07896368481555573
328,VRSN,1.1333486320737207,-0.0022028187990345,0.0037688890422478,0.1450864678868937,-0.5844743037913153,7.600156164352363,0.059872955249287124,0.05975943518529767
329,CF,0.3104494040849729,0.0129369646040586,0.008443179615131,0.3250271086153745,1.5322384686539534,0.9073716033884108,0.01746566643411499,0.01813235996802055
330,RF,1.0120004534157148,0.0027985046105848,0.0057054097049686,0.219634415516728,0.49050020161526714,4.490794194096496,0.05361939821032544,0.05376361634692732
331,PKI,1.0516358489828004,0.0019094846292751,0.0048694741089233,0.1874543906734353,0.3921336445296986,5.468419971009739,0.05566196868547964,0.0557603720663647
332,CFG,0.9142620329468764,-0.0007413608982472,0.0059079552464813,0.2274315718869195,-0.12548519196870098,3.8915207097486197,0.04858254644988432,0.04854434115735405
333,WRB,0.4280025825153205,0.0072057883864898,0.0032138872832266,0.123721220997224,2.2420787512048364,3.2875715873426157,0.023523651931344522,0.02389499503005389
334,HBAN,0.9215226014542266,0.0005188011413167,0.0049014850363032,0.1886866775185194,0.10584570542889803,4.735763088031692,0.04895671258734211,0.048983448485358724
335,EPAM,2.4806849366843213,0.0029449700582756,0.0145976395062265,0.5619480785195533,0.20174289528244943,4.369022691937487,0.1293065843710898,0.129458350458073
336,FOX,0.6419705203800044,-0.0002442080421752,0.0043014794230303,0.1655889704312977,-0.05677303507897771,3.7035094230039243,0.03455027564126314,0.03453769062401769
337,FOXA,0.6629104187409558,0.00036463872356,0.0045791349443554,0.1762775469393316,0.07963048217425482,3.6011906705452073,0.03562939236339641,0.03564818365537635
338,HOLX,0.5819100039727182,0.0022546104609765,0.0044670501327071,0.1719627503922517,0.504720205503978,3.2315057369467,0.031455116988730054,0.03157130608422602
339,VFC,0.9769893024601842,-0.0081133397493654,0.004464559014017,0.1718668527397125,-1.8172768517321936,5.471735519210578,0.05181513355698313,0.051397020706339336
340,DOV,0.8271978774334259,-0.0022009814188396,0.0030023838103412,0.1155792217282668,-0.7330779666672509,6.8916443985691025,0.044095782259654166,0.04398235688321568
341,MOS,0.653881824144736,0.010409063624822,0.0092319954801831,0.3553932208544557,1.1274987782614854,1.7890743279820398,0.03516411276947482,0.0357005334543164
342,TDY,0.9364751083368544,0.000305121105569,0.0034362453374594,0.1322810762578068,0.08879491293674402,6.866547015932808,0.04972727507703145,0.04974299918808585
343,HPE,0.8907795533859995,0.0014425892672136,0.0058055703091111,0.223490179937902,0.24848364422520913,3.864850540158913,0.047372400348194094,0.04744674274349068
344,URI,1.3337236414455953,-0.0009489687644149,0.0050358364705787,0.1938586459251411,-0.18844312557787404,6.728142902560259,0.07019908098225731,0.07015017682595194
345,PWR,1.0740767857160691,0.0106264120015452,0.0056224126531542,0.216439376087921,1.8900092641872759,4.880060258945463,0.056818439919091905,0.057366061435179534
346,ROL,0.753196236530426,0.003170256870522,0.0049740705518358,0.191480916338053,0.6373566352716772,3.8014257886455094,0.04028218169735897,0.040445557714924446
347,CLX,0.6960945906543214,-0.0015949079833035,0.0067276319838679,0.2589856986609856,-0.23706825627916464,2.5717006232952713,0.037339505478779796,0.03725731349076823
348,IR,1.009320208600608,-0.0002095312147563,0.0042511520854317,0.163651578385929,-0.04928810133007094,5.992271428468965,0.05348127447402373,0.053470476492402476
349,ESS,0.5680830802524273,-0.0018697247750224,0.0030599362565134,0.1177947502407225,-0.6110338968802019,4.565121572722701,0.030742560301728585,0.030646205905172582
350,PAYC,1.6941923736743618,0.001951370518001,0.0069002205652368,0.26562963733568,0.2827982815262418,6.278206607212637,0.08877547662893456,0.08887603855720923
351,PFG,0.9345090730888396,0.0045046216843636,0.0034360404039019,0.1322731871728071,1.310992059129526,6.883841799197191,0.04962595741656026,0.04985809859044225
352,COO,0.9902350947306412,-0.0026627157581125,0.0044372375213154,0.1708150895200894,-0.6000841165976505,5.614880873037444,0.05249774221584886,0.05236052182197029
353,BR,0.8643460745645151,7.093809712606109e-05,0.0031922729079007,0.1228891579313004,0.022221814729716,6.802479785311645,0.04601017745060772,0.04601383317450501
354,INCY,0.358714784114981,0.0010666153581864,0.005426790365014,0.2089087360218271,0.19654626149975638,1.5859336750692468,0.019952974528581427,0.020007941484450207
355,MOH,0.7989206026602591,0.0044517703567904,0.0055661954552572,0.2142752490504987,0.7997869267392973,3.6164063579476964,0.04263854118149379,0.042867958715060626
356,JBHT,0.938968617021732,0.0027523005365984,0.0047880380904115,0.1843194444990602,0.5748284547088592,4.9547399626792314,0.04985577555359793,0.04999761260945099
357,CAG,0.5105219055553383,0.0019359170247031,0.0049751662053916,0.1915230944182962,0.38911605055628934,2.527067683665232,0.0277762027248888,0.02787596827283985
358,EXPD,0.8607595624795426,-0.002870118770921,0.0040778117042729,0.1569786985631006,-0.7038379844546452,5.283668748057679,0.04582535013682074,0.045677441436080095
359,PARA,1.1753162145828588,-0.0044700133563987,0.0092231577518146,0.3550530052687083,-0.48465107902109256,3.2174919921094407,0.06203571264631305,0.06180535497800439
360,BRO,1.2431375297973444,0.0056992400712052,0.0036087896356693,0.1389233102160559,1.579266359799384,8.784492451055248,0.06553081630457634,0.06582452094240583
361,KEY,0.8247056985073252,0.0003967788258538,0.005334458543667,0.2053543470009163,0.07438033731180659,3.879326096416281,0.043967350310876493,0.04398779791088804
362,FLT,0.7844593716259181,-0.0004824091577544,0.0051620640664692,0.1987178805251272,-0.09345276454198737,3.801927438394915,0.041893296101370055,0.04186843562783434
363,DGX,0.4954750193844631,0.0020531152997631,0.0048911100433988,0.1882872836764666,0.41976469176645304,2.4912045334416426,0.02700077649295892,0.02710658173681691
364,MRO,0.9333979496790312,0.0140542946281281,0.0094058310279121,0.362085162519617,1.4942108343666327,2.5380389461757376,0.04956869678275919,0.05029297080212514
365,SWK,1.0110209548114883,-0.0090030672546174,0.0046807284686919,0.1801884727959773,-1.923432926057649,5.402964309815747,0.053568920729255246,0.053104956661355784
366,J,0.8974934535128561,0.0011330778985164,0.0037011036506715,0.1424770137671537,0.3061459514409501,6.10737485580272,0.047718394477331526,0.04777678651375367
367,IP,0.4852596428213068,-0.0041939336643066,0.0033582871480274,0.1292800119598751,-1.2488311688207019,3.5009256442324164,0.026474337277153225,0.026258207099696847
368,ZBRA,1.417210024972387,-0.0077112501797059,0.0046377306354571,0.1785332360190673,-1.6627205816462582,7.7354379811117475,0.07450146827092699,0.07410407670416601
369,ATO,0.5679670844205955,0.0044427160535005,0.0034955266430839,0.1345631586296576,1.2709718755228683,4.042293641241945,0.030736582572530965,0.030965533501632066
370,STX,1.2399017111031525,0.0013950427974222,0.0064933835607718,0.2499681139207298,0.21484065808926064,4.851941853212483,0.06536406162398986,0.06543595375951221
371,BBY,1.3852636712474409,-0.0034942525729487,0.0066330886422755,0.2553461753584665,-0.5267911769908123,5.299877379305422,0.07285514487806562,0.07267507206597128
372,SWKS,1.2753411509796106,-0.0090969231038763,0.0035607883910569,0.1370754630237093,-2.5547497084420074,9.029903679126305,0.06719039771858326,0.06672159688334808
373,WAB,0.8357774517547816,0.0023139723030333,0.0039347803793292,0.1514725906621653,0.5880816919768684,5.34502922620206,0.04453792204273091,0.04465717029139543
374,EVRG,0.6609608102454164,0.0031017699176646,0.003281448074507,0.1263220289447729,0.9452442480384533,5.03155772174115,0.035528921239187286,0.03568876785012422
375,KMX,1.1790618045567154,-0.003518039194738,0.0064220778284917,0.2472231414047883,-0.5478038866377696,4.639847867169608,0.062228737880025774,0.062047439248164145
376,TRMB,1.1623832672025054,-0.0033672039331097,0.00388421986468,0.1495262222754171,-0.8668932373598027,7.560881603676174,0.061369226136013914,0.06119570064852503
377,AKAM,0.7771087000077147,-0.0024692629749398,0.0048722126286786,0.1875598122324392,-0.506805257308627,3.978322584947232,0.04151448659019757,0.04138723559204702
378,UDR,0.6918815557726643,-0.0006180210714902,0.0032907562340255,0.1266803541626094,-0.18780518140481958,5.232046745388746,0.03712239093918848,0.0370905418412903
379,BIO,1.2291958931186948,-0.0014577784171895,0.0058798255361552,0.2263486956684516,-0.24792885575015494,5.298338968377186,0.06481234799997881,0.06473722284702736
380,NDAQ,0.9982847698465368,0.0004111983495663,0.0029175618632504,0.1123139314624259,0.1409390336313869,8.638554056142972,0.05291257417327142,0.05293376486901797
381,CAH,0.6887215313835834,0.001298573824916,0.0050329189440409,0.1937463333535602,0.2580160418545074,3.4145374199224454,0.036959542242321584,0.037026462945814805
382,SEDG,1.124712394698988,0.0065751023556795,0.0093910303506252,0.3615153983355789,0.7001470669554132,3.0505519325928314,0.059427895392417655,0.05976673671721524
383,EXPE,1.2437244156144052,-0.0060957436313388,0.0087049787901428,0.3351052820963048,-0.7002594467250622,3.6083068115756203,0.06556106087827275,0.06524692282597534
384,CPB,0.357407736127207,0.0030034628399345,0.0042353707045072,0.1630440612128181,0.7091381249670241,2.035923274346437,0.019885617117579482,0.02004039757157267
385,LNT,0.5848331706629062,0.002252262237035,0.0035544173823026,0.1368302058281052,0.6336515931553186,4.0825739427865395,0.031605759460942205,0.031721827543065566
386,TTWO,0.4829462406594277,-0.0038352462713269,0.0067532579772987,0.2599721922486969,-0.5679105232199343,1.73343537433804,0.026355118410142944,0.026157472828796383
387,L,0.6205143595137026,0.0026806996060835,0.002965411622778,0.1141559471124665,0.9039890400012052,5.209794795306273,0.03344455384717915,0.033582701020679055
388,FDS,0.8539009791422152,0.0054247827606738,0.0040726835050095,0.1567812843358825,1.3319922242917195,5.299483069183726,0.04547189990311491,0.045751460657903475
389,TER,1.6652582737907513,-0.0004997729243036,0.0073470806568357,0.2828318822420553,-0.06802333438909683,5.78538914317327,0.08728438672553258,0.08725863142765151
390,NTAP,0.9357374511443723,-0.0014378253640715,0.005117060239769,0.1969854213881948,-0.2809866010364591,4.598480534227934,0.04968926065127408,0.04961516375896202
391,SYF,1.0293267131727624,-0.0058967657856885,0.0060798812687027,0.234050004805038,-0.969881733717923,4.251074244650718,0.054512289680645136,0.05420840575264546
392,CPT,0.7354810707202499,0.0010760626355922,0.0033073721267238,0.1273199965493611,0.3253527557112603,5.561507638600352,0.03936924834249736,0.03942470215435997
393,WDC,1.14911132423688,-0.0042833661431767,0.0077927606951646,0.2999887000321216,-0.5496596534568968,3.7213466973061573,0.06068526982722337,0.06046453083640091
394,DRI,0.9418723525125192,-0.0014288824312647,0.0047754804208176,0.1838360267316876,-0.2992122897281325,4.960820173797076,0.05000541665838016,0.04993178063116736
395,SJM,0.1838810978537686,0.001583250064206,0.004442996982236,0.1710368046813852,0.35634731928384233,0.9179214275572908,0.01094309534079611,0.011024686549604902
396,BXP,0.798920842339911,-0.0023966645799191,0.0043275423122812,0.1665922826811284,-0.5538165561357004,4.61040670911581,0.04263855353314497,0.04251504382068342
397,XYL,1.0355152494950175,-0.0052852329879316,0.0041941394789315,0.1614568314434168,-1.2601471683240415,6.2045316234151295,0.05483120971147623,0.05455884051467617
398,POOL,1.0008863509311194,-0.0012482770011127,0.0057656575846363,0.2219537069473497,-0.21650210453686558,4.375561405515887,0.05304664405288431,0.05298231534590896
399,DPZ,0.8187620058913448,-0.0008499913001811,0.0047254746847764,0.1819110150014474,-0.17987426806441983,4.339737286303869,0.043661048055604564,0.043617244603941036
400,IRM,1.039075076106276,0.0060434184171899,0.0053773000973811,0.2070035676697888,1.123875980091425,4.911280061342833,0.05501466181606082,0.05532610334077229
401,PEAK,0.6398566198165712,-0.0030748355148912,0.0036044997372379,0.1387581670653731,-0.8530547202224026,4.383999855050581,0.03444133788962717,0.034282879316202775
402,TYL,1.3868785333546605,-0.0025113900114615,0.0043256383380347,0.1665189876344255,-0.5805825210534173,8.14262182712721,0.07293836518189907,0.07280894320904842
403,LKQ,0.8964803005985963,0.0026255477628311,0.0035870307312747,0.1380856833853622,0.7319557482291422,6.305069627904088,0.04766618265504806,0.0478014876334578
404,IEX,0.6963042076862207,-0.0017543467300298,0.0029196439651954,0.1123940836806485,-0.6008769394292871,5.926324937607673,0.037350307882901695,0.037259899378516335
405,GNRC,1.5830345330214215,-0.006872553120366,0.0078423991192802,0.3018995717892057,-0.8763329965533282,5.1265259196250135,0.08304706846872593,0.08269289831622098
406,TECH,1.2467588711977349,-0.0006703074726365,0.0056782172639799,0.2185876202484013,-0.11804893005567686,5.570409533446594,0.06571743851230406,0.06568289488700921
407,FMC,0.8099993866231237,0.0024629098714225,0.0059596878926503,0.2294230624357162,0.4132615525822834,3.417251466226156,0.04320947523423605,0.04333639883154994
408,AES,1.0435398175410926,-0.0001766903800895,0.0043014094795513,0.1655862778998357,-0.04107732149879658,6.129113716626454,0.05524474780116267,0.05523564223911513
409,LDOS,0.5493867979419813,0.0013828529659104,0.0047959089450287,0.1846224394885257,0.2883401210825375,2.829036667237587,0.02977906608914206,0.02985033003388729
410,AVY,0.8447251001882765,-0.0022330354409662,0.0037572302920586,0.1446376547576214,-0.5943302026724351,5.628036945921352,0.04499903015710264,0.04488395290868789
411,JKHY,0.540881641164415,0.0035712564837041,0.0033010251295306,0.1270756636984518,1.0818628588301373,4.060469822707725,0.029340761339766958,0.029524802471398166
412,VTRS,0.6912775822182129,-0.0024320718629244,0.0077376091439383,0.2978655959353436,-0.314318262616005,2.2170385548609453,0.03709126576603338,0.03696593137464944
413,HWM,0.9135491229160172,0.0019764736252316,0.0051594326037402,0.1986165802139649,0.3830796479052378,4.466191068165814,0.04854580734435403,0.04864766293615671
414,NVR,1.0988467650206315,0.0001037910267625,0.0043329253325434,0.1667995064512258,0.023954030775225777,6.417792107558883,0.05809493603257322,0.058100284799346404
415,OMC,0.5551508554922364,-0.0016676723591946,0.0050210912444425,0.1932910163785255,-0.33213345028143665,2.7162006438255286,0.03007611103093691,0.029990169203578172
416,PKG,0.5363767246693317,0.0022026841085344,0.0039220482242951,0.1509824559349893,0.56161576364357,3.3786270439097446,0.02910860497310934,0.029222118095958552
417,CE,0.9798710994169728,-0.0027935270130735,0.004776115328771,0.1838604680329204,-0.5848952173004449,5.159410190525837,0.05196364408135428,0.05181968246026254
418,NLOK,0.5129767908512066,-0.0014664012075756,0.0049571488287109,0.190829500758762,-0.29581544921194863,2.5312878130634204,0.02790271278372608,0.02782714326389488
419,CHRW,0.5647346367857738,0.0037646211883692,0.0051832540011257,0.1995336044001486,0.7263045931284863,2.7064777364074963,0.030570001616118066,0.030764007604439484
420,TXT,0.8954654818735834,0.0002914038168617,0.0035925840674681,0.1382994636066021,0.0811125951095889,6.271108094514999,0.047613884986873245,0.04762890219117139
421,PTC,0.7976977189237091,-0.0033018095381344,0.0059626277133936,0.2295362332409823,-0.5537507449471789,3.336858406060236,0.04257552109101442,0.0424053656382762
422,KIM,0.8896046248756044,0.0015558743080264,0.0036322317704492,0.1398257343778782,0.4283521554666607,6.16978343093986,0.047311851582339394,0.047392032008929226
423,MGM,1.2298586034829118,-0.0030114075151238,0.0059626204717626,0.2295359544684718,-0.5050476597303204,5.220886630780073,0.06484650011588837,0.06469131024100398
424,CTXS,0.1491223052574695,-0.00180760532378,0.0056390752746586,0.2170808173383014,-0.3205499546890577,0.5474859611776486,0.009151835723138432,0.009058682590382753
425,APA,1.15653472211598,0.0155125434031977,0.0100748599797449,0.387839979508763,1.5397279400790724,2.948590464984127,0.06106782721352492,0.061867250625265297
426,CBOE,0.5576376117693588,0.0012922703326245,0.0028340879277148,0.1091005340045224,0.4559739731386852,4.862156605759552,0.030204263528922134,0.0302708593882436
427,TFX,0.7074185625005414,-0.0074347586338457,0.0052923717961177,0.2037341832130372,-1.4048065631555933,3.2960487694130083,0.037923075043902896,0.03753993219246629
428,TAP,0.6772445415790507,0.0033973734833517,0.0049678637680208,0.1912419811158818,0.6838700982948281,3.410213130281372,0.03636808704973479,0.03654316729482584
429,NI,0.6385355689153176,0.0047489670538776,0.0039200000402282,0.1509036094132368,1.2114711747811977,4.074246721863137,0.03437325885248198,0.0346179921206365
430,MAS,0.8577545039793617,0.0006498797354755,0.0045163331168497,0.173859939196703,0.14389543876887756,4.773603324316449,0.045670487452072424,0.045703978354360415
431,EMN,1.149862386036018,-0.00110083935048,0.0041414978874917,0.1594303503026005,-0.2658070534829426,7.026864988750291,0.06072397504598015,0.06066724439089251
432,ABMD,1.4119144511430686,0.0005758256624144,0.0065085612115284,0.2505523900069767,0.08847203609216411,5.523891736841721,0.0742285661692069,0.07425824076889374
433,HAS,0.6998342223461963,-0.0004616119516003,0.004566773530315,0.1758016841900957,-0.10108054374407736,3.816269528277895,0.037532223658388875,0.037508434948075105
434,UAL,1.612127486441024,-0.0004916264297599,0.0092739405239877,0.3570079296407196,-0.05301160046134366,4.43455096811018,0.08454634473025173,0.08452100925382047
435,BEN,1.1588513734064192,-0.00175955746427,0.0049304484309737,0.1898016470980544,-0.3568757464769812,5.946343633989035,0.06118721352112641,0.06109653648676271
436,NDSN,0.9332671096532492,0.0012043878299069,0.0031747364211575,0.1222140765234393,0.3793662434085736,7.413266321325878,0.04956195407287054,0.04962402099529697
437,LUMN,0.99744533771608,0.000989321805846,0.0077251506370009,0.2973859955155817,0.12806505042212094,3.2616487465735555,0.052869314877860465,0.052920298587802936
438,HST,1.060806717439859,0.0020742750302629,0.0062734194375508,0.2415004149934784,0.33064504149792917,4.283284533892232,0.056134580220545696,0.05624147590995525
439,SBNY,1.5792175017915069,-6.623872900918867e-05,0.0073228120527001,0.2818976424660578,-0.009045531761908983,5.500880566070039,0.08285036158132351,0.08284694803466275
440,CRL,1.371543334479293,-0.0055078375164598,0.0063491968505711,0.2444175285188388,-0.8674857066314425,5.472477792687189,0.0721480810430559,0.07186424014448264
441,RE,0.6575061087383001,0.004575492756279,0.0038401451798039,0.1478295312133494,1.1914895250165127,4.286123322546002,0.03535088665171955,0.03558668009542163
442,IPG,1.0859981618730172,0.0004013466027033,0.0043002307823617,0.1655409029869557,0.09333141010698946,6.39076801797489,0.05743279611796407,0.057453479113787786
443,HSIC,0.7725637204749756,0.0020871767257295,0.004193748037684,0.1614417625922657,0.49768767865275587,4.622006630869459,0.04128026561495739,0.041387826180341133
444,AAP,1.0409675539391106,0.0004509323948772,0.0050552226815502,0.194604933980862,0.08920129206631114,5.2051737107220735,0.055112188768698125,0.05513542711873572
445,SNA,0.7406505657559338,-0.0003167168543506,0.003574561520224,0.1376056709019988,-0.08860299439768851,5.173244999536156,0.03963565309966629,0.03961933141329419
446,REG,1.0191205284260405,0.0015538654503237,0.0031667657122336,0.1219072375607191,0.49067900549792154,8.139044192369374,0.053986324155907574,0.054066401058024544
447,LW,0.8829835605093098,0.0020054714848197,0.0070492697372423,0.27136740718386,0.28449350919635086,3.1563224223674293,0.04697064165128677,0.04707399161878546
448,WRK,0.8398094309139594,-0.002217983833718,0.0056058530769861,0.2158019016520838,-0.39565500616196403,3.749389791683648,0.04474570605671998,0.04463140447783316
449,QRVO,0.9116760776147574,-0.0101582543678559,0.004647470234633,0.1789081698595765,-2.1857599629485467,4.879887955548103,0.04844928182779891,0.04792578634720582
450,CMA,1.1185937346333783,0.0052369963269659,0.005502487979742,0.2118227776466213,0.9517506164932054,5.171137604416244,0.05911257636459652,0.059382459733310376
451,CCL,2.043017414250914,-0.0111386392933049,0.0099567631767297,0.383293746434205,-1.118700836365919,5.2268339715829635,0.10675182627000658,0.1061778076326654
452,MKTX,0.6709213226456835,-0.0079899073801856,0.0061574309828419,0.2370353445123005,-1.2976040498789219,2.6766700829823864,0.03604222628522265,0.035630474398292165
453,GL,0.6223587990407505,0.0027914062111099,0.0039770481181649,0.1530997218577239,0.7018789132473253,3.897356559578606,0.03353960519376604,0.03368345752144938
454,ETSY,2.031247803803245,-0.0070491575820029,0.0105629175886954,0.4066281565588657,-0.6673494820736857,4.908004067181041,0.10614529116519641,0.10578201987836547
455,DISH,1.1525042761188602,-0.0114946025267208,0.0075490038547763,0.2906050809871561,-1.5226648108608523,3.8283696548351487,0.06086012220950934,0.06026775936289731
456,PHM,1.2378082870264335,0.0002692214557395,0.0055786416385785,0.2147543750625714,0.04825932067005843,5.6325348814418215,0.06525617910762023,0.06527005316612029
457,JNPR,1.1700221713354213,0.0041467282261178,0.0029785448496141,0.1146615214268743,1.3921993575671858,9.992043410065984,0.061762889421599604,0.061976586914004345
458,AIZ,0.5072142354144377,0.0036260375841302,0.0027544413451622,0.1060344736317488,1.3164330365933694,4.549221177574984,0.027605745251847627,0.02779260947270819
459,FFIV,1.059356977345098,-0.0007533643543653,0.0045480291784348,0.1750801050253481,-0.16564633268790277,5.883807374010823,0.05605986931450228,0.05602104543586441
460,RCL,1.9303150322536984,-0.0095313690979148,0.0092897637164371,0.3576170563826993,-1.0260076993185745,5.291463674290591,0.10094382171616209,0.10045263214107014
461,FTNT,1.6737720405041188,0.0088030199502464,0.0060331890388545,0.2322525492072476,1.459098976271726,7.122027577739704,0.08772313517933926,0.08817679000945525
462,UHS,0.6722337838172567,-0.0054342165147163,0.0051272631443455,0.1973781905492406,-1.0598669039854758,3.234063325468034,0.036109862659238504,0.035829815745369115
463,NWS,0.6053038399452747,-0.0056733830846007,0.005478939903761,0.2109162751915698,-1.035489197592079,2.7080150943396855,0.03266069493173979,0.03236832280785797
464,NWSA,0.665546680750815,-0.0070666360155288,0.0049013200904702,0.1886803277936956,-1.4417821903263768,3.3390552799131665,0.035765249489812495,0.03540107746938824
465,NRG,0.6080340908263815,0.000915250535537,0.0063174586530746,0.2431957406338014,0.1448763792211862,2.386897648162338,0.032801395680646744,0.032848562201745105
466,WHR,1.0020918315901632,-0.0031305402254442,0.0045383014347608,0.1747056275720873,-0.6898043839631383,5.555031654399752,0.05310876729316747,0.05294743803318943
467,AOS,0.960977907706356,-0.0013621660965453,0.0039570274148893,0.152329008501532,-0.34423974203964597,6.112753905310465,0.05099000233973935,0.05091980447211999
468,OGN,0.6276221203275629,0.0046086656650876,0.0065593174862606,0.252506294338315,0.7026135988601084,2.391088062080977,0.033810845192960626,0.03404834816934525
469,HII,0.4480118077494827,0.0028519676826822,0.0050901245159092,0.1959485086558261,0.5602942862730305,2.15565700565798,0.02455480734456184,0.024701780647121183
470,ALLE,0.6938127280203565,-0.0044679203151735,0.0036062707330532,0.1388263429985475,-1.2389309194739233,4.76047120042698,0.03722191196980105,0.0369916621642789
471,CZR,1.5647806205760433,-0.0119232340707541,0.0076003693613807,0.2925824381979721,-1.5687703457333158,5.210126061885607,0.08210637134476581,0.08149191940016356
472,SEE,0.8568637816089133,0.001768455000288,0.0040112492547628,0.1544163225989703,0.44087387443904313,5.376155982973377,0.045624584965433736,0.04571572052541858
473,NLSN,1.3170648810428396,0.0043404366338692,0.0088123931962285,0.3392402875593093,0.4925377859588478,3.8112788047046577,0.0693405884236617,0.0695642684851515
474,AAL,1.772422090236367,-0.001513821103332,0.0087085979589799,0.3352446049623739,-0.173830633870406,5.197525160259022,0.09280696684224093,0.09272895358550182
475,BWA,0.9238294088167373,-0.0032454409966722,0.0053042334527003,0.2041908073899686,-0.6118586268143983,4.369040796808626,0.04907559159796173,0.04890834104163923
476,RHI,1.078514314977967,0.0009110727652981,0.0044952879162551,0.1730497869778375,0.20267283926434004,6.073161984752177,0.05704712355207455,0.057094074775961415
477,PNW,0.5078248490511068,-0.0007504902423967,0.004529818036349,0.1743790522079794,-0.16567779022788068,2.7446436527128317,0.027637212614999736,0.027598536850848066
478,LNC,1.1638218819660944,-0.001381172138608,0.0052003377295731,0.2001912565069089,-0.26559277693708205,5.6644567281006655,0.06144336370924071,0.061372186384249676
479,MHK,0.8657080887755193,-0.0063549808420351,0.0058877708279392,0.2266545561775686,-1.0793526154039235,3.665874279988177,0.046080367490957605,0.04575286990824417
480,NWL,0.9289713876500733,-0.0025927846488803,0.0065661227842148,0.2527682698520632,-0.3948730071136424,3.5523153421381215,0.04934057833515887,0.04920696177106348
481,FBHS,0.9755438678726684,-0.0061001225351675,0.004167390776555,0.1604271182560925,-1.4637750242875482,5.865453145118536,0.0517406445309501,0.051426280816222775
482,ZION,1.038337155111453,0.0031302741599211,0.0057897090187445,0.2228795865854246,0.540661741339101,4.545061505141988,0.054976633795513624,0.055137949344071
483,TPR,1.134254518076595,-0.001441350729803,0.0056796462716033,0.2186426310662645,-0.2537747354107887,5.050923335312842,0.05991963917855925,0.05984536061004958
484,XRAY,0.7593941001811595,-0.0084215600407007,0.0053054327592028,0.2042369756752139,-1.5873464848070438,3.5375893016033424,0.04060158240273587,0.0401675857275984
485,DVA,0.3841550836611082,-0.0056271103394313,0.0062270370125895,0.2397148855883347,-0.90365776340412,1.4603263892541183,0.021264014925391546,0.020974027421159294
486,FRT,0.8583052204322811,-0.0009047626455734,0.0035978460118958,0.1385020264633694,-0.25147342120310945,5.98499876827392,0.04569886807375717,0.045652242035580194
487,PNR,0.8860814105065373,-0.0051245254517099,0.0038690880492087,0.1489437106559862,-1.324478891804481,5.723577593845619,0.04713028625304389,0.04686619895841547
488,IVZ,1.0979815905143924,-0.0054540586402786,0.0055902514687777,0.2152013049767946,-0.9756374414890358,4.9444938634961,0.0580503501295687,0.05776928067160057
489,CDAY,1.6526208104932725,-0.0073152615347364,0.0062680375616113,0.2412932352750234,-1.1670736594718003,6.700724730702375,0.0866331276919603,0.08625614300402919
490,DXCM,1.343694306976554,-0.0009933142707792,0.0084363781491459,0.3247652806164154,-0.11774179075647091,4.046722575182028,0.07071290925972973,0.0706617198020994
491,DXC,1.409146919607852,-0.0009294932134477,0.007238210386782,0.2786408321042212,-0.12841478262984546,4.951720162385713,0.07408594419907105,0.07403804369580923
492,WYNN,1.228915745281382,-0.0092316155116828,0.0073926970927237,0.2845879242709902,-1.2487479732896218,4.185764848670802,0.06479791086133074,0.06432216878755166
493,RL,1.3086623174988077,5.580078892851535e-05,0.0057159964215062,0.2200419598332981,0.009762215511291644,5.818218121932944,0.06890757071398355,0.0689104463518402
494,BBWI,1.140552082296641,-0.0099530438240166,0.0084112037757589,0.3237961725118665,-1.1833078937763086,3.403786492974167,0.0602441778530751,0.059731257692648226
495,VNO,0.771835391699822,-0.005530418345072,0.0052113436710996,0.2006149392324941,-1.0612269491536095,3.677886483317492,0.041242731919858625,0.040957727340863684
496,PENN,1.2056429550763077,-0.0119312656581386,0.0091155922129367,0.3509121818251959,-1.308885410780656,3.3206190886773688,0.06359857089090244,0.06298370504647592
497,ALK,1.1277348245242051,-0.0033631100008192,0.0071246116881239,0.2742677572378376,-0.4720411649136202,3.995751179651227,0.05958365329103039,0.059410338780248165
498,PVH,1.508955789469407,-0.0068415326862479,0.0072951285890805,0.2808319448797354,-0.9378220826002228,5.247438133914003,0.07922949449851642,0.07887692295306331
499,NCLH,2.1061866323314504,-0.0089173924442241,0.0095023754765035,0.3658017200736347,-0.9384382322372036,5.655531744002689,0.11000718875456895,0.1095476398523483
500,SP50,1.0000000000000002,-4.336808689942019e-19,8.23036069470033e-19,3.1683447011668703e-17,-0.5269281445629186,3.066377214708342e+16,0.05300096684400001,0.05300096684400001
