,Ticker,Beta,Alpha,Stderr,Alpha Opt,Sharpe
0,AAPL,1.261421124052316,0.0034156713758811,0.0029850410777126,1.1442627712508688,414.18887152320616
1,MSFT,1.1696363884450505,0.0020402987360506,0.0029471141082773,0.6923039492499433,387.90852514677516
2,GOOG,1.151037443542927,3.262551038453292e-05,0.003465702404092,0.009413823398688691,323.9181955518853
3,GOOGL,1.1708445627499224,0.0005626695406083,0.00353314765297,0.1592544653873478,323.49093345412905
4,AMZN,1.4739546741060687,-0.0045493502841618,0.0047893064829782,-0.9498975061067327,300.86596649080343
5,TSLA,2.1233130854867457,0.0078766742376122,0.0084833281623096,0.9284886882729952,247.86542728200772
6,UNH,0.7989775485637923,0.0071323371185746,0.0041905349877389,1.7020111130066036,185.5715052988885
7,META,1.138291415960563,-0.0111356973067761,0.0067227819902472,-1.6564120810299598,163.42783690556467
8,JNJ,0.4860932666309714,0.0029308364653766,0.0025315344911844,1.157731200417255,181.92843301173906
9,V,0.9505106750465422,-0.0004884133149606,0.0046008618415532,-0.10615691837330135,200.3007900407795
10,NVDA,2.2104906977093224,0.0007374573336873,0.006282227862435,0.11738786778126518,347.4503317676491
11,XOM,0.3218838489489674,0.0089577538076718,0.0062503982482718,1.4331492893510536,48.377013871115224
12,PG,0.6918153442067053,0.0037569884600754,0.0032566689306651,1.15362922669211,204.84315319412576
13,JPM,1.0520739168325492,-0.0024854743616034,0.0041032249245188,-0.6057368063718517,248.85851038027033
14,WMT,0.7353114003760821,9.09097002684666e-05,0.0047055793364248,0.019319555312723273,150.2336395869729
15,MA,0.879142285859801,-0.0003353908929305,0.0047962703533787,-0.06992743699158581,177.2921108101952
16,LLY,0.7896838780428443,0.0092019855469774,0.0053655330472581,1.715017961110091,143.58682665900687
17,CVX,0.4277247207215091,0.0090383694497704,0.0062611379065968,1.443566582401496,65.21132360638366
18,PFE,0.679988124353216,0.0084690155311649,0.0061023727914001,1.3878233632497907,108.15319916450984
19,HD,0.8711285565821593,0.0002582546427577,0.0045301964672846,0.057007382488313545,186.06716448440562
20,ABBV,0.6800862119231428,0.008374329463125,0.0038852230707758,2.1554307978133203,169.87301098633708
21,KO,0.6594806964438328,0.0056906278526195,0.0030107540171399,1.8901005596018026,211.47703222241242
22,BAC,0.9390407642688768,-0.0018120805849002,0.0048218159222498,-0.3758087438673324,188.4689706818918
23,MRK,0.2109030768699458,0.0049306699942725,0.0052043065290056,0.9474211341687853,36.00244255789813
24,PEP,0.6373538112689212,0.004695836924413,0.0027511670615186,1.7068526990218378,223.02667721481296
25,VZ,0.1223482845521054,-0.0001967171780217,0.0036592731934699,-0.0537585382727774,25.602233673416034
26,TMO,0.8892721136687274,0.0038709142988111,0.0039808536275949,0.9723829763491652,217.20894784316593
27,COST,1.2082117584286172,0.0075191130561221,0.0044784130762605,1.6789681809344397,265.1083880087524
28,AVGO,1.276107906824594,0.0046063157745629,0.0038972215982883,1.1819486417159448,321.3181983670513
29,ABT,0.8140826912950943,0.0013583876574551,0.0040868514619831,0.33237999229753196,192.5626821217227
30,ACN,1.16376937454165,0.0018628520366927,0.0033629361640811,0.5539361872489519,338.1468368993159
31,ORCL,0.8818753222710803,0.000173780923543,0.0045680875169962,0.03804238051403877,186.85786995515073
32,DHR,1.0352525763940914,0.0019239355335419,0.004177936293889,0.4604990115229879,241.43750430159926
33,MCD,0.7345250812766857,0.0038770161304461,0.002607189614205,1.4870480111314432,272.29937306405304
34,CSCO,0.7094930438760522,-0.0017714420753435,0.0040132083051768,-0.4414029725440478,169.2550075022294
35,CMCSA,0.5661609306791059,-0.0049951203002697,0.004105090040029,-1.2168113857581582,129.76568240512285
36,DIS,1.028361262183836,-0.0087262393717541,0.0039078438036964,-2.233006181951289,253.6357829538997
37,ADBE,1.4212855572431269,-0.0047653978277588,0.0048825517014397,-0.9760056050924447,284.28867614572874
38,CRM,1.3795423244314589,-0.0030941372800195,0.0055991919245694,-0.5526042546322345,240.7458442773605
39,TMUS,0.6410070508580543,0.000706745130368,0.0044559513639909,0.1586070117549522,137.6244366004877
40,BMY,0.2887513338610384,0.0042003221637483,0.0034607504973411,1.2137026829802997,76.42436408749822
41,NKE,1.052057014574955,-0.0054930603924116,0.0042955983635927,-1.2787648954725324,237.009577713648
42,UPS,0.9611602847348374,0.0007708771216489,0.0044242713299967,0.1742382110297641,210.98732248349305
43,PM,0.5409333160926635,0.0024005088869212,0.0044469861876243,0.5398057888287746,115.77904748443598
44,INTC,0.8728492744709768,-0.0053041199877087,0.004684877611465,-1.1321789868593937,179.1037512762006
45,WFC,1.0500508046106147,0.0015239848371075,0.0059601795130091,0.2556944524541829,171.6573783079208
46,T,0.267507638551121,0.0021142545666132,0.0042997070141437,0.49172061251114346,56.08658737082836
47,NEE,0.8729711788148314,0.0046752105739514,0.0048313367470199,0.967684684127058,175.76510060338484
48,QCOM,1.206769722724522,0.0016324044198467,0.006397852372545,0.2551488100681739,184.42690741158853
49,LIN,0.8755187763141075,0.0022396830584089,0.0031873877609168,0.702670407997266,266.4540755870354
50,TXN,0.7807305476302809,-0.0022920885976193,0.003395698165228,-0.6749977430533495,220.85957659970808
51,RTX,0.8300997915451087,0.0049620722077021,0.0036817006209634,1.3477663499982413,219.0824151100441
52,MS,0.9812967397697564,1.6345961101027397e-05,0.0045198142043032,0.0036165117330408903,210.81554299813385
53,UNP,0.5418156789500381,0.0012571395603636,0.0041691500034432,0.3015337801051435,123.43207082628363
54,AMGN,0.4393824681909289,0.0017027479832726,0.0035406104536793,0.48091932324923053,116.53900409897382
55,IBM,0.5806623278295193,0.0037863280197743,0.0043468551868999,0.8710499561119821,127.90457283344895
56,AMD,1.855950251479066,0.0020886691783405,0.0084449449886722,0.2473277423526357,216.6471093786332
57,CVS,0.824232972315632,0.0052587201763891,0.0035922336780282,1.4639137226940218,222.98819182935483
58,MDT,0.5500584938688386,-0.0041558893824958,0.0038370910511894,-1.0830833376256686,134.85127081515327
59,SCHW,1.2931354355161866,0.0017651698061204,0.0054222915091107,0.32553945193734196,233.56077466407046
60,COP,0.7620295514311206,0.0110711077439031,0.0077359747757148,1.4311199383247906,96.25608675879114
61,HON,0.5875792672814264,-0.002550868997396,0.0028637550269807,-0.8907427392926899,194.3470698577254
62,ANTM,0.7027109866101982,0.0067920930819498,0.0046101565113815,1.4732890445653115,147.72537071372992
63,AMT,0.8601653759209215,0.0020030954835661,0.0047369236743211,0.4228684313460434,176.00082431642187
64,SPGI,0.8577604162774466,-0.0009945393867062,0.0039526369632581,-0.2516141492251836,209.55627460610123
65,LOW,0.9300544991932684,0.0011578213601121,0.0043711633353192,0.264877166853238,206.523126980671
66,LMT,0.490422427834627,0.0047374374965424,0.0048901404210071,0.9687733047892207,95.43567774175615
67,INTU,1.6107531824390924,0.0002473715554499,0.0049490181173751,0.04998396643193194,319.7673793996736
68,AXP,1.2197226165314827,0.0005779819522029,0.0056117533954119,0.10299489508492138,212.38185545681938
69,GS,1.0318097098977737,-0.0009584741747272,0.0036659513839773,-0.26145305115512,273.431131712262
70,CAT,0.6146606436110807,-0.0013428123308643,0.0051550159077715,-0.2604865542393242,113.45296343286094
71,NOW,1.588531044554407,0.0023572940045754,0.0050490486443903,0.4668788460167541,309.44885831014864
72,BLK,1.3023180712334617,-0.0030482565115566,0.0033312886291384,-0.9150382482303843,381.4751455656918
73,C,0.6709575713574034,-0.0049118487847891,0.0051853389426347,-0.9472570335572629,122.95815753341218
74,EL,1.2347509336540208,-0.0003388041280606,0.0042714725663787,-0.07931787522817542,282.32561740372967
75,DE,0.9151333921583886,0.0006080345250429,0.0068120075146897,0.08925922699464274,130.25168054645764
76,ADP,0.9700151271819192,0.0040887937979213,0.0031378890744696,1.3030396234170363,301.36116941599744
77,SBUX,1.0316450538264832,-0.0035707772076767,0.0048994507202097,-0.728811740660567,204.0245598339282
78,PLD,1.089629650787893,0.0035996544350522,0.00495510927958,0.7264530875002843,214.88190171926857
79,MDLZ,0.5550850478352507,0.0022178491875108,0.0033137461078434,0.6692876024090408,159.58883988457728
80,CI,0.6874465240537985,0.0047789015173411,0.0044885560364402,1.0646857204285163,147.87816397577075
81,PYPL,1.3648756771874146,-0.0213342998749807,0.0082150353180174,-2.5969821247377762,160.08152447356872
82,CB,0.6447604387063839,0.0059499480984423,0.0026634667920953,2.233911125192436,233.62198043975536
83,BA,1.1048403748804598,-0.005909976733665,0.0073220109131715,-0.8071521339900759,146.1981429474717
84,ZTS,0.9439378320602606,0.0009182461170333,0.0040573959131651,0.2263141523985499,225.85670656488506
85,DUK,0.4643226504262421,0.0039524342558227,0.0034039007704879,1.1611484947183628,129.20737540155275
86,AMAT,1.8758947592814432,-0.0028173477287392,0.0057086951912849,-0.4935186823497364,323.12312178950356
87,NFLX,1.7152781971699558,-0.0135990566955298,0.0088165148031601,-1.5424526583515172,189.78169694386457
88,GILD,0.5120732103813884,0.0003278474902428,0.0034688059667108,0.09451306685616445,139.51055853680666
89,CHTR,0.654347294025521,-0.0055943941848478,0.0058903530990176,-0.9497553187059091,105.30555459300487
90,MMC,1.0310060324496877,0.0048662031587612,0.0029632150726698,1.6422038358413331,339.97067742396274
91,ADI,0.972133682653424,-0.0002936285908365,0.0038738848582667,-0.07579693294443418,243.52144903054327
92,MO,0.5050205426741212,0.0008484542645519,0.0045752828639966,0.18544301844777275,104.34393044753789
93,SYK,1.0395381396783558,-0.0019775487993802,0.0034616910978052,-0.571266685416852,291.5033613249799
94,SO,0.5251299376816119,0.0056170903683844,0.0034219868108827,1.6414704903364237,146.7805271641106
95,CME,0.7227255537486648,0.0018461094144901,0.0037877886269726,0.4873844863845024,183.77626940590906
96,MMM,0.7653094368088659,-0.0057655901110808,0.0026847199740175,-2.147557349324961,272.31065205052914
97,BKNG,1.074590635531656,-0.0007663036259001,0.0064851608974417,-0.11816262356765818,161.1923510360605
98,ISRG,1.413159458324144,-0.0037787268584527,0.0044496110499445,-0.8492263292315926,310.3450427387166
99,CCI,0.8799845914431501,0.0008034304808084,0.0049819475545534,0.16126835379350404,171.0820944200734
100,NOC,0.3949620893317643,0.0073402138958847,0.0057467580039697,1.2772791008102804,65.05168705023134
101,VRTX,0.5870233358305539,0.0089005376617782,0.004912124168741,1.8119529059175736,115.5218911409917
102,BDX,0.4746477209655817,0.00247571457857,0.003947384630836,0.627178451076271,113.65941693123847
103,GE,0.9561481230147066,-0.0068336875202469,0.0052318097595724,-1.3061804297726265,176.0095412126991
104,USB,0.9779008594838248,-0.0005044745918223,0.0046189252031325,-0.1092190433134036,205.44398169696473
105,TJX,0.9246934735157591,-0.0007768752029752,0.0041740836475247,-0.1861187433164881,214.52627065674662
106,CL,0.4538895916686075,0.0017885533336104,0.0031659188687266,0.5649397245387385,134.94096428758192
107,PGR,0.5721297954602725,0.0055029131628583,0.0037248327092709,1.477358472814593,147.43392562470947
108,EOG,0.8893062109640961,0.0106856648271857,0.0085348918739825,1.2519976802236417,102.11328844692389
109,TGT,1.113467018548345,-0.0058661862915389,0.0074400861406005,-0.7884567706181734,145.04332501850678
110,PNC,1.0062043350613996,0.0001628535556264,0.0048692551856419,0.03344527025542028,200.83178049501058
111,REGN,0.7396439113811799,0.0029519282137488,0.005638816847113,0.5235013467869857,126.64533340190927
112,D,0.5035097066086923,0.0038106249871422,0.0032377733153204,1.1769276647970373,147.89618820131903
113,CSX,0.7789986244846583,0.000496924880824,0.0040810689641896,0.12176341178852809,184.0276545080679
114,TFC,0.8295785944803971,0.0002423759065143,0.0044204272623674,0.05483087767956924,181.28450550676826
115,WM,0.6128553744359546,0.003805201405528,0.0034487352264624,1.103361422567441,170.55370656704005
116,MU,1.3866411533348582,-0.002920752630477,0.0066077861167489,-0.44201682361868594,205.09961683977454
117,ATVI,-0.2400330543875066,-0.0027496693327684,0.0069071310189847,-0.39809138196608035,-39.27082358431167
118,GD,0.6541770704082737,0.0055946031396161,0.003433572847627,1.6293823920126302,183.86261237596744
119,FDX,0.5931791287339235,-0.0032202906659769,0.0053359569207603,-0.6035076208070386,105.22814303154863
120,EW,1.37433202844048,0.0023857181157938,0.0047325871932867,0.5041044186524454,284.8868264844237
121,FISV,0.7054082767757012,-0.0011329033545222,0.0038167289436946,-0.2968257298946536,177.065068908717
122,HUM,0.7991509369031156,0.0042202701195842,0.0062667615116159,0.6734371671495112,123.65321475635483
123,LRCX,1.7817753651526658,-0.0029535957681014,0.0060392125234623,-0.48906968526553757,289.8317889268582
124,EQIX,0.7947392150429335,-0.0005574638893862,0.0046890041952627,-0.11888747933930313,163.30029133417065
125,SHW,0.9250888465287652,2.561716908953916e-05,0.0049589306061382,0.0051658656117974395,180.81488427927925
126,NSC,0.6912409982719595,-0.0008219440547561,0.0043619922615414,-0.18843317582265703,151.75475207819113
127,FIS,0.7182037597424411,-0.0055783505585309,0.0057716917350094,-0.9665018186425741,118.53706687659677
128,AON,0.9187409067649004,0.0055537696065723,0.0048525708129166,1.1445004762814064,184.60908885388153
129,MRNA,1.2718092761689488,0.0012866531363787,0.0161505130650919,0.0796663939525056,77.06442044838191
130,ITW,0.8058971500163019,-0.0014446250108115,0.0029971217680029,-0.48200411015469363,258.91057657045434
131,DG,1.051621933265808,0.0060773461717324,0.006340244839939,0.9585349344002416,162.33336494422238
132,OXY,0.8032352203876163,0.0178822712574285,0.0131736090855946,1.3574314480746847,60.16965331936354
133,PXD,0.8057022920016413,0.0105602361608385,0.0073565773265016,1.4354822483542617,107.0873713682711
134,PSA,0.7716426489532613,0.0037021715952848,0.0043318379070437,0.8546422268628648,172.41615142941947
135,BSX,0.8402129178709589,-0.0004721510715628,0.0032753658370919,-0.14415216346703089,247.68981761124516
136,APD,0.808565176452325,-0.0007578561399703,0.0036496348258367,-0.20765259433772448,213.53953409124603
137,ICE,1.0276462680121627,-0.0009351131234308,0.0045714392034972,-0.20455552000241595,218.36561976479175
138,HCA,0.939181090396475,-0.0005635452303095,0.005793912349643,-0.09726505965252022,157.08755849961136
139,MET,0.8320527586936103,0.0039500430681159,0.0037576534623958,1.0511994008083536,214.90454344527498
140,SLB,0.7577769563574189,0.0059003230805027,0.0093105008850684,0.6337277825691708,78.96581381749371
141,ETN,0.8860163753495951,-0.0005496087500775,0.0029448086854734,-0.1866364877245485,291.0208635376082
142,KDP,0.4210696070643858,0.002076073391418,0.0030506223674128,0.6805409327601224,129.3767739566295
143,MCO,1.0241197692042037,-0.0026160238020905,0.0032995919208516,-0.7928325274282171,300.95774544926684
144,CNC,0.6917396529221225,0.0052769263810775,0.0051795996210375,1.0187904021856624,129.07379492959456
145,MNST,0.7237016991808892,0.0029330578957688,0.004185600945228,0.7007495301511666,166.8025132383056
146,NEM,0.2331194267064768,0.0014241050997594,0.0060367717093076,0.23590507780237735,34.137042401073785
147,AEP,0.4406719103631962,0.0047140675277932,0.0037785926987156,1.2475722851514486,110.33736926255817
148,GM,1.363158609350319,-0.0070668059270914,0.0061493976308368,-1.1491866929622765,215.89526049928998
149,KLAC,1.7133556333188438,0.0047654384652412,0.005869475943547,0.8119018650175068,287.87153879414393
150,EMR,0.787536000103991,-0.0011776101179171,0.0028651912937215,-0.41100575745068046,264.5172040159571
151,SRE,0.5958703681092117,0.0048698678327447,0.0036673113547719,1.3279122936775019,156.04735474595412
152,MCK,0.7694099576535403,0.012660529554464,0.0034113455077507,3.711300871078236,220.91121684853897
153,SNPS,1.137615637966881,0.0049851920998648,0.0051163662695797,0.9743618492493744,217.75900538846088
154,KHC,0.3128277816600878,0.0013244185991798,0.0050457224751327,0.26248344131233026,56.61948346688532
155,LHX,0.5815907593660188,0.0043146967988047,0.0050624366805303,0.8522964475582789,110.11287475627857
156,STZ,0.711762419376183,0.0025373190701197,0.0031829777544992,0.7971526243100979,215.46922138455525
157,MPC,0.5882588459325448,0.0094741829603534,0.0068476530026221,1.3835664506839862,83.13315944527487
158,HSY,0.4188274744047365,0.006159097324846,0.003013324582651,2.0439541628892424,131.58906744149675
159,F,1.4713374400540318,0.0002081152176468,0.0072631088248044,0.028653738043420363,198.68620863057788
160,KMB,0.426601468804828,0.0024051414697772,0.004160715290279,0.5780596128258325,96.2672478961536
161,MAR,0.8800107603094084,0.0027748669455194,0.0059568861217558,0.4658250785397765,143.41714946249738
162,GIS,0.3392355737812432,0.0062229702043967,0.004072731783514,1.5279597418093291,77.83290450620716
163,VLO,0.346282459967958,0.009868543898281,0.0087053897876751,1.133613099352848,37.64162339177141
164,FCX,1.003069227297961,0.0002108555328026,0.0091947488002603,0.022932168935015467,106.01856603229521
165,ECL,1.1383444197855468,-0.0022609379435396,0.0029404923275233,-0.7688977530657014,376.6775622825462
166,ADM,0.5098672608482415,0.0066434700679041,0.0049078874864182,1.3536312896921232,99.44089636666122
167,EXC,0.7041183793284997,0.0095462249546844,0.0037900199977942,2.518779573785976,180.790234532264
168,SYY,0.9166680062942516,0.0055749578847831,0.0048084442687297,1.1594098991722115,185.8765359913704
169,ORLY,0.9573434603368912,0.0047852497039994,0.0053166050579684,0.900057395993216,175.61257604447022
170,O,0.5216236179591737,0.0035742975527121,0.0028753932664617,1.2430638947382782,172.75268788645965
171,AZO,1.067439661729057,0.0096754533516099,0.0049673650448954,1.9478039693403768,211.10772121696334
172,ROP,0.9838461840461176,-0.000374431477422,0.0032525076302074,-0.11512086057677408,293.6213719221309
173,CDNS,1.3354484652826035,0.0055434428131145,0.0045901336484409,1.2076865811951696,285.9450309342376
174,COF,1.0415559331327733,-0.0035698376281107,0.005843969914291,-0.6108583172854679,172.74560107435786
175,PAYX,1.0096820172225884,0.0045427478768138,0.0033603765890778,1.3518567804510513,293.34770641582395
176,RSG,0.6839654892920322,0.0055545684443581,0.0030888458051173,1.7982666648998245,214.01329151530325
177,PSX,0.4481503281647163,0.0028670055271956,0.0083934634231223,0.34157598391357463,50.34290523359739
178,IQV,1.1362935620452066,0.0004283230040852,0.0039383074239024,0.10875814353283324,281.40410733886796
179,AIG,0.965581152041964,0.0048546477656993,0.0044508811592583,1.090716105866166,211.63669981353405
180,TRV,0.4717447798865528,0.0041720055251289,0.0033481652161473,1.2460572450273482,133.64059313851865
181,CTVA,0.775046297833125,0.0064261862986671,0.0047995793272953,1.3389061541542306,156.8901007322516
182,NXPI,1.1944219471135291,-0.0020059185332096,0.0061372721318495,-0.32684203830555997,189.65266710921566
183,APH,0.914248934911148,0.00085228909512,0.0028071309924625,0.3036157191839296,315.85103309642307
184,ADSK,1.6749992537720488,-0.0049202298774863,0.0056209918931005,-0.8753312531059949,292.0504165660805
185,WMB,0.5684203284168943,0.0060735970604019,0.0055610563357762,1.092166073076503,98.18780686764663
186,KMI,0.6416858323681516,0.0018853272409823,0.0060110690574001,0.3136425855333193,102.32874614073697
187,XEL,0.4652233344782602,0.0035761468221385,0.0038132309267502,0.9378259252675911,115.47516784557025
188,CTAS,1.2107444827408476,0.0031229341479722,0.0027884318443793,1.1199607242569558,425.11400064457655
189,DOW,0.5243037856266866,-0.0011985973400571,0.0051324251621432,-0.23353430438654252,96.37533381589101
190,WELL,0.4233458988590329,0.0014570701425442,0.0036489284531597,0.39931452788077715,108.61735824345332
191,DVN,0.8876610783878174,0.0180312209425612,0.0095203535517052,1.8939654756132047,92.14219772050984
192,TEL,0.8972444985691462,-0.0013725452464581,0.0038650126037296,-0.35512050986163474,224.4251292960008
193,DLR,0.7977150649684833,0.0005646862819067,0.0047435534458734,0.1190428838528092,162.28630288124626
194,PRU,1.0553659772662105,0.0026962378368791,0.0035197031791352,0.7660412539507302,292.52359153650673
195,CMG,1.1774387131250674,0.0001593154591831,0.0052070624946645,0.030596033626703184,220.68719739041484
196,AFL,0.9680385215960275,0.0039167140412487,0.0035925164679451,1.0902424738192054,262.6262799504847
197,CTSH,0.8462701540123589,0.0020808934072518,0.0029663996296812,0.7014878866727186,276.39062492322523
198,WBA,0.8035281028864832,-0.0010748987532118,0.0043353878328462,-0.24793600818548323,178.527788971799
199,A,1.0522603536387287,-0.0011695365515765,0.0037310061966526,-0.3134641139502234,274.08821191576556
200,MSI,0.9799504349131938,0.0019716853915719,0.0032446471168165,0.6076732909883981,293.85510534047023
201,DLTR,1.1264343350099737,0.0133482530459559,0.0087061257559604,1.533202416335119,127.64766087775591
202,HPQ,0.9627508999486049,0.0045904305921995,0.0062575732735993,0.7335799984263109,150.0382479741658
203,ALL,0.7631712899701323,0.0024223613225587,0.0043124876744815,0.5617085787613169,170.92863955404056
204,KR,0.6853264825004639,0.0076990638662051,0.0076102626558987,1.0116686130717931,87.32412748613481
205,EA,0.2569787962653008,-0.0015260700405238,0.005643441240602,-0.27041480108704213,40.22133243661872
206,AJG,0.933466902674928,0.0058546002582358,0.0031351571217197,1.8674025035863044,290.52945915308396
207,BK,0.9616418574548464,-0.0002040827897024,0.0046437465165958,-0.04394787462516524,200.90928118726848
208,SBAC,0.9465945827346977,0.0035753109814619,0.0050993165123969,0.701135333092189,180.7504773385637
209,HES,0.8410671341158501,0.0075497707304756,0.0084956067641127,0.8886676302353685,96.53823765841216
210,JCI,1.0044402381687534,-0.0035765310142648,0.0036882467081327,-0.9697103521785667,263.6476852294943
211,MSCI,1.4848858560452378,-0.0004241838358362,0.0045337769386318,-0.09356080847775673,321.1440906593854
212,ED,0.5791823116914508,0.0080009516811216,0.0031318692637345,2.5546889117526934,178.39737751579943
213,BAX,0.6393093404433728,-0.0018722217402433,0.0048597443101716,-0.38525107922338214,125.30929197829062
214,YUM,0.7394736563445062,0.0023178968991572,0.0032396478299,0.7154780460284622,220.18614080829954
215,MCHP,1.474993354487652,-0.0003645922113461,0.0057200539113032,-0.06373929634223237,252.8232748678459
216,SPG,1.050583599563666,-0.0015419972529791,0.0045740502993264,-0.33711856059085815,223.1229513284938
217,WBD,1.1216989654306926,-0.0099241540633483,0.0094247654321302,-1.0529868498918415,114.94278761296376
218,PH,0.9991105248717984,-0.0010077021346998,0.0036117920318639,-0.2790033661433617,268.46419012578315
219,GPN,0.7831837000425577,-0.0076830131397815,0.0060552325002713,-1.268822153309104,123.37010789747642
220,HLT,0.977891649809302,0.0009068802557373,0.0052247440177783,0.1735741028941222,181.89073509273015
221,TSN,0.4543692443665573,0.0048774508346415,0.0049983990352965,0.9758026120361907,86.18373446361817
222,WEC,0.4545093548695338,0.0044746288179388,0.0036889761849066,1.2129730834931078,116.70392057528903
223,PEG,0.5370505746093113,0.0035063940052397,0.0030235980072459,1.159675987626928,169.36476588069937
224,RMD,1.009304206401339,0.0005336008276991,0.0055135956952331,0.09677909973711643,177.99125316306828
225,BKR,0.2842684813546937,0.0071053747179362,0.0086464676432756,0.8217661837273035,30.40638870337931
226,TT,1.004755593957054,-0.0036541370077081,0.0037821926237897,-0.9661424922474492,257.1617983789466
227,CARR,1.0298698624692215,-0.0024390558510868,0.004356352427432,-0.5598848788559984,229.31221090553697
228,IDXX,1.3709132818785057,-0.0068803954738724,0.0057867809652005,-1.1889849495338567,230.79617051971113
229,ABC,0.7485377391164545,0.0062937248573238,0.0034292859622927,1.8352872657828851,211.8124507435816
230,BIIB,0.6309107576354214,-0.0076220528987436,0.0045865935883238,-1.6618112662406455,129.6872489969314
231,IFF,1.0361653074219284,-0.0004729765319875,0.0058948084028707,-0.08023611619966582,170.8666782790487
232,OTIS,0.7998479486661789,-0.0002570461648498,0.0031515247614229,-0.08156247667676415,244.6831171820365
233,ILMN,1.4448008310620566,-0.0124783414000976,0.0065100311972408,-1.9167867283625917,215.64512475100994
234,ANET,1.4841912661034005,0.0053012902734644,0.0066279598615897,0.7998374136491675,220.43382683166115
235,MTB,0.8421233924644194,0.0053846941603512,0.0064773619117634,0.8313097575375819,126.4468618215273
236,HAL,0.8652195910201461,0.0097495274622271,0.0090264632133398,1.0801049349892344,93.78015491509065
237,ODFL,1.2155255493655364,0.0040693092355558,0.0051852588497677,0.7847842033456257,229.7144449508928
238,PCAR,0.7106398132515486,0.0014388072976963,0.003651910909241,0.39398751323737424,187.1931264312591
239,TWTR,1.1453280715998613,-0.0069296597813071,0.0077960611657247,-0.8888667795185183,142.37092144663512
240,ES,0.5887087432629488,0.0038237231270846,0.0040276215680362,0.9493749754024141,140.04951976286654
241,LYB,0.549738758531181,0.0006629294711552,0.0057098193511489,0.11610340544693568,91.41019284564844
242,VICI,0.7042061251891827,0.0027376249277159,0.0036441778467365,0.751232525648425,186.18129483567913
243,TDG,1.0916147160267606,-0.0006439253672146,0.0042256866376846,-0.15238360589071723,251.43956042176595
244,DD,1.0980828440808768,-0.0033769734359137,0.0045691419335295,-0.7390826297455609,233.35669719967103
245,FAST,0.9889095720353802,0.0019968517531602,0.0029713505191635,0.672035069670056,323.90672779308727
246,NUE,1.126674239679898,0.0067754483870133,0.0088516719223597,0.7654427826112974,124.83333067007099
247,PPG,1.098724421745637,-0.0036065551919207,0.0041334225571026,-0.8725348405822758,258.05536497130015
248,GLW,0.8378868681234474,-0.0016402846860262,0.0055367846421668,-0.2962522099079296,145.89344459698893
249,CMI,0.6704852135852777,-0.0017805322775297,0.0037513868091205,-0.4746330805452557,170.6671995943414
250,AVB,0.6502606938658502,0.0008781011363857,0.0030717952974262,0.2858592618855314,202.70647445940222
251,EQR,0.6270815186647316,0.0009354559559601,0.0033469435935575,0.2794955844970768,179.13387479094712
252,VRSK,0.9725178990661554,0.002764694340844,0.0044302704459031,0.6240464040746442,213.71530360693208
253,DFS,1.0565077263755198,-0.000191441883666,0.0056460528024103,-0.03390720745372297,182.04758624521975
254,AWK,0.8792240230197185,0.0025327385264751,0.0045701030922332,0.5541972413662701,186.7114908187398
255,AMP,1.2416208052308753,0.0027386933379493,0.0032893399968398,0.8325966122627858,369.64664635975055
256,TROW,1.388434582270063,-0.0063468096569432,0.0036198990042837,-1.7533112524500105,373.9390991326766
257,HRL,0.2166663805540794,0.0013092164772246,0.0042108264335271,0.3109167518282072,45.005321407314746
258,MTD,1.1425360636774715,-0.0003957042450488,0.0034522393804121,-0.11462248165466558,322.59476725495244
259,CPRT,1.096654784641121,-0.000850243396614,0.0036416897391523,-0.23347496835683665,293.08881802021887
260,LVS,0.8840357522937374,-0.0042093837852622,0.0077315879421517,-0.544439747275348,110.11455536410051
261,AME,0.9061971248095632,-0.0012233477410893,0.0020396253491418,-0.5997904181785347,429.7395977341017
262,APTV,1.4769088648242237,-0.005606629511737,0.0066637236640205,-0.84136584804813,216.5210185864706
263,ROST,1.3098414732574262,-0.0063347177103012,0.0061315412285541,-1.0331362824082342,207.94784019544082
264,FRC,1.1190758270719936,-0.0017282815880783,0.0033025875400132,-0.5233113633291889,329.70558154517926
265,OKE,0.970793885702174,0.0041737023537003,0.0055594990360643,0.7507335331161351,170.24943828858454
266,KEYS,1.0409174419731082,0.0006708118249244,0.0036595900421998,0.1833024511459134,276.84036794160664
267,ENPH,1.5358263038673363,0.0079001564953125,0.0108276520757158,0.7296278491466242,139.94358608558053
268,ALB,1.6519172550455945,0.0098610389822797,0.0084490711806162,1.1671151504679977,193.3126445632282
269,WY,0.8469336843570006,0.0036570513436597,0.0043901650861364,0.8330099829749494,187.26510725002777
270,DTE,0.5548031458488989,0.0048965297161868,0.0031968726566298,1.531662422033666,166.17292354870392
271,K,0.1731283932512163,0.0036564311365373,0.0039271485516978,0.9310651452073381,37.76756148519816
272,CBRE,0.838105802211973,4.5853746728151314e-05,0.0042429035250323,0.010807162231623507,190.83291693570555
273,EIX,0.7503433854380508,0.005196848831171,0.0040697287955854,1.2769521243794506,178.65422262483648
274,EBAY,1.3765720467614506,-0.004929540761174,0.0051209209640069,-0.9626277764921503,262.2919813527641
275,SIVB,1.5170952793828545,-0.001470229569699,0.0065366273659346,-0.22492173523016606,227.51167636745387
276,ARE,1.138068547515567,-0.0005276614045053,0.0035297805159021,-0.1494884461308911,314.20505640918503
277,STT,1.305867091132403,-0.0008845071837479,0.0053919542145171,-0.16404204274704062,236.74470018899797
278,FITB,0.918806393452869,0.0010219674855269,0.0052743158450859,0.19376304255253715,169.00056559352274
279,DHI,1.3929847901718118,-0.0007318995946447,0.0053215656090627,-0.13753463706212038,256.27550062609754
280,GWW,0.8044993305608414,0.0030883177025329,0.003185449047517,0.9695078014009322,244.5876975714572
281,AEE,0.6131875989733642,0.0047425912479592,0.0031230417952845,1.5185807808016105,188.74681443948617
282,EXR,0.9244957047821268,0.0041525465590708,0.0042883950650674,0.9683218304434681,209.91122265621993
283,ROK,0.9588026041659584,-0.0037094328929679,0.004541298398299,-0.816822099679095,204.0445462954098
284,MKC,0.5313183073813598,0.0006572770935416,0.0042334512446568,0.15525798114981823,118.93595919178235
285,ETR,0.6437663288598192,0.0050890379909158,0.0043096713685258,1.1808413114934553,143.95282465886726
286,CHD,0.6240951888647323,0.0039420813097332,0.0036405294909442,1.0828318571622915,164.6934248619318
287,ZBH,0.7253089114486372,-0.0051768074516763,0.0042362283628527,-1.2220321966283727,163.27403641931832
288,WTW,0.7809730325493898,-0.0004237901711143,0.0038728569720013,-0.10942572219373914,194.19339464778537
289,LH,0.6152023974098493,-0.00058688083415,0.0050992219009063,-0.11509223280628204,114.94881532249481
290,ON,1.596070059692517,0.0097669776258647,0.0082376415156805,1.1856521805753601,191.48333103787377
291,WST,1.1954956900260585,0.0006629386677988,0.0059368801688479,0.11166448520847418,196.68455408970422
292,EFX,1.1936554639784185,-0.0015039865345985,0.0036975358400859,-0.4067537407733578,314.7191880679067
293,TSCO,0.8076766358237333,0.00367427220076,0.0048462309430178,0.7581710908873838,161.54510943239995
294,BALL,0.9588973126674212,0.0003408407937742,0.0046899005903544,0.0726754836712741,198.46308797578587
295,FE,0.5014102587892175,0.0031598842622251,0.0035916826663403,0.8797782420585682,132.5574075664549
296,FANG,1.153427230177781,0.0099774445620204,0.009439471004454,1.0569919180124139,120.23329212031928
297,CTRA,0.9613410334892438,0.0141626764269475,0.0101543675217779,1.3947374266859112,93.26407655475298
298,LUV,0.913062296804564,-0.0038896910558579,0.0067669825257592,-0.5748043594100325,130.14761045949325
299,CDW,0.9827561006503313,0.0006476792958808,0.0035026277643664,0.18491239704940798,272.6346743611088
300,HIG,0.6964206418881163,0.0035720509132915,0.0033388183530227,1.0698548215591452,201.12705208819193
301,DRE,0.8551274754670508,0.0061639775617313,0.0048061447487362,1.2825201661585721,173.28347283917694
302,ANSS,1.2413051931577224,-0.0038382221485078,0.0039402762826987,-0.9740997516750265,306.83152252998065
303,STE,1.0161659810026111,0.0032917288670495,0.0043860531242224,0.7504990874074486,225.9415656406015
304,VTR,0.3941915858361836,0.0003743476289154,0.0042345275653732,0.0884036349123182,86.4559098537439
305,NTRS,1.2642092656505,0.0007989323052512,0.0043514717390403,0.18360048120808922,284.1664319824965
306,MTCH,1.5617193071513953,-0.0099128679078319,0.0076306930373324,-1.299078322156872,199.63330090606095
307,ULTA,1.321508869595179,0.0058603137526939,0.0059262645876416,0.9888714325909054,219.17738638543995
308,LEN,1.4183440377805874,-0.0011090490385128,0.0055326068739101,-0.20045686667937668,251.0153026218144
309,MAA,0.7128207683723748,0.0029033435185235,0.0034330554671093,0.8457024788382379,200.18846723428655
310,PPL,0.6275635541271909,0.0023325968132711,0.0036183860056711,0.6446511813872867,166.21503344249066
311,WAT,0.8135315918808572,0.0014639342792518,0.0045981003185131,0.31837806438403154,171.0553210405925
312,FTV,0.9717685056784404,-0.0020115434617904,0.0038696977778454,-0.5198192668447619,243.24663481620757
313,IT,1.098620093210712,0.0025853365753735,0.0046500452398407,0.5559809511578145,230.6944071414744
314,CMS,0.5330381250544587,0.0047830796106221,0.0033050018980895,1.4472244670682404,154.11646358191814
315,LYV,1.1904310252976686,0.0034238440810773,0.0075390474347954,0.4541481016918709,154.5803869067144
316,GRMN,1.016078248423808,-0.0042391802074147,0.0042985106847469,-0.9861974340222692,228.7706464720106
317,ALGN,1.8178962085175077,-0.0114453390110232,0.0066679565999449,-1.7164687321326861,266.6461370671154
318,VMC,0.79846826999327,-0.0011170082383969,0.0034337749209168,-0.32530036595953254,223.91836374341764
319,CTLT,1.010483818102022,0.0027795686788509,0.0062955268454203,0.44151486398202017,156.42811331942247
320,DAL,1.35671332583013,-0.0025436198701218,0.008169584602364,-0.31135241189445095,162.27308614643573
321,CINF,0.7242736918840114,0.002872880635859,0.0035198830340867,0.816186392569838,198.49539480540045
322,GPC,0.8243591065861134,0.0033578387421447,0.0029728250492909,1.1295110497490044,268.85233139397195
323,AMCR,0.5825623055377853,0.0040142451145645,0.0035836157880322,1.1201661539639447,155.73950547829628
324,RJF,1.1501417397087386,0.0039303009491315,0.0044446215507886,0.8842824758463755,253.25126735664506
325,MLM,0.8757004358234732,-0.0006543139877931,0.0033437402095731,-0.1956832608944333,253.18358149114823
326,CNP,0.7170462741487771,0.0064132410016791,0.0036588629216801,1.7527961935054475,189.94795105123114
327,MPWR,1.4675515275620474,0.004660194829231,0.0072093504691081,0.6464098047667161,200.26016609647365
328,VRSN,1.1180047865461584,-0.0026391669995225,0.0037378425533055,-0.7060669254751236,290.7826116392875
329,CF,0.311302866500335,0.0125217313707706,0.008471928886629,1.4780260243370653,34.863205513594615
330,RF,1.0216790207743938,0.0027590012255284,0.005715744917327,0.48270195144024414,174.2506071222111
331,PKI,1.0542189119348502,0.0017685799216989,0.004881523439179,0.36230081525458147,210.49197134027546
332,CFG,0.9182033835502376,-0.0008722529596775,0.005920604673999,-0.1473249790698063,150.13080243207438
333,WRB,0.453702056945701,0.0078675873769248,0.003101061346915,2.5370627977907105,139.66303657729512
334,HBAN,0.9224857305582628,0.0004164534498054,0.00490897721238,0.0848350749633023,182.20418333830935
335,EPAM,2.475154765884824,0.0028947333884291,0.0146104891193213,0.1981270691753247,167.65923982886093
336,FOX,0.6440434903588104,-0.0005423194380018,0.0043316604312859,-0.1251989731431479,141.9860076008379
337,FOXA,0.6632807622797978,1.4638320547539365e-05,0.0046094785106224,0.0031756999221941944,137.72260769572972
338,HOLX,0.582691411802069,0.0025431119634134,0.0044859560847613,0.5669052294230652,124.11368128564914
339,VFC,0.9575828076352364,-0.0089184682183982,0.0044395994005681,-2.0088452614118686,207.27057925521115
340,DOV,0.8407654478685159,-0.0016175156466782,0.0029867613390051,-0.5415617329562059,271.4250789424904
341,MOS,0.6905286345668671,0.011592360379546,0.0091642553524179,1.2649538815488668,73.50897252864912
342,TDY,0.9416076190079768,0.0005584288974795,0.0034388968970877,0.16238605407228607,265.6956795300382
343,HPE,0.8889226529913457,0.0011912292593318,0.0058171170572068,0.20478000487475,148.12283709903787
344,URI,1.3358252036881892,-0.0010292867132009,0.0050433816789203,-0.2040866186081027,259.01865060798866
345,PWR,1.062565006108383,0.0100909191687915,0.0056233483196086,1.7944680989446258,185.68828853017814
346,ROL,0.7364382163280196,0.0028228313516479,0.0049489974192495,0.5703844864958474,143.62404896696378
347,CLX,0.7158735822885123,-0.0008362148332368,0.0067092489965641,-0.12463613046185011,102.33207439564075
348,IR,1.0213694508794,0.0003598168980693,0.0042498821154677,0.08466514794839249,233.71548687490142
349,ESS,0.5870447394992032,-0.0005025238075029,0.0032209507916304,-0.15601722597212656,173.2644339497065
350,PAYC,1.6454169774603886,0.000213471876896,0.0067407345266188,0.031668934009047675,239.90923288125185
351,PFG,0.9513880015597644,0.0046698650649252,0.003414508330495,1.3676537331066378,271.66191347092627
352,COO,1.015402851891616,-0.0017321547641316,0.004376521895952,-0.39578341096242003,225.11133739299586
353,BR,0.8665585332026042,0.000455266052915,0.0032250773503328,0.14116438257458244,260.00858527284265
354,INCY,0.3374500125129127,7.709604018470324e-05,0.0054168544092384,0.014232621805972226,57.05545787348397
355,MOH,0.8050738392885362,0.0045633313025414,0.0055679820146132,0.8195664588292332,140.29699962048898
356,JBHT,0.928638538271572,0.0023616303262221,0.0047827705004307,0.4937787263698791,188.70530553713974
357,CAG,0.5049426378667452,0.0017972507845767,0.0049762898709336,0.3611628002368597,96.11053637468132
358,EXPD,0.8719911381220237,-0.0024639041879773,0.0040671271509718,-0.6058094808736368,206.79492002926023
359,PARA,1.1724567625564533,-0.0050003069360403,0.0092519232600443,-0.5404613500886688,123.10850658903531
360,BRO,1.2495621696637067,0.0055802081745551,0.0036271910383848,1.5384379029123276,338.18907381964215
361,KEY,0.8299198796738201,0.000152799273002,0.0053618452705284,0.028497516301312798,149.50201628399944
362,FLT,0.7754582328921225,-0.0011588378247668,0.0051926109074918,-0.22317054857602578,143.63359942707848
363,DGX,0.5085977749013703,0.0026084378859088,0.0048843443759674,0.5340405354592076,98.83418850696147
364,MRO,0.9657016879690714,0.0142888184947757,0.0093908520576452,1.521567841455133,101.32461896140725
365,SWK,1.0016119959462693,-0.0092060916157138,0.0046749642386338,-1.9692325215313657,206.19193113063358
366,J,0.9122936818175672,0.0017560883548509,0.0036851508248243,0.47653093138586167,240.31140440897445
367,IP,0.4807160487264733,-0.0041058362631292,0.0033699337344468,-1.2183729968219104,132.98309337139244
368,ZBRA,1.4320592900856195,-0.006993641982477,0.0046368081578999,-1.5082879740369841,301.19849701431025
369,ATO,0.5957841836947342,0.0054696607514227,0.0033972763511227,1.6100134890748992,168.60207567655405
370,STX,1.204348096105292,0.0002825966251472,0.006394991506011,0.04419030500377867,183.9196645726422
371,BBY,1.3510348187948409,-0.0052212312540971,0.0066359300339576,-0.7868122821336034,198.51740160001225
372,SWKS,1.237969575414788,-0.0103999315028864,0.0033673427006503,-3.0884683940479145,356.09789395071994
373,WAB,0.849713666512979,0.0029141736093683,0.003923713005176,0.7427081454540745,210.04641242495234
374,EVRG,0.6929586239607382,0.0041256053266355,0.0031163656757755,1.3238514846653395,214.55063328567488
375,KMX,1.1923137622047844,-0.0029916438407372,0.0064173141639064,-0.46618316702701396,180.89438801253908
376,TRMB,1.156543073820982,-0.0034616969147699,0.0038837841597938,-0.8913206224502677,289.56690965182804
377,AKAM,0.7844294940429926,-0.0022524046350542,0.0048707029386025,-0.4624393364667933,154.74380164605006
378,UDR,0.729590214301022,0.0012173220168098,0.0032525120597121,0.3742713307318383,215.93818052745374
379,BIO,1.226418178308741,-0.0014217147608975,0.0058863973834705,-0.24152544727778572,203.2704191714616
380,NDAQ,1.0038335539889127,0.00037083284676,0.0029255184499542,0.1267579928493719,333.5266563951932
381,CAH,0.6928206433664726,0.0013292142641665,0.0050368112723928,0.26389995421349993,132.16374837773063
382,SEDG,1.0925100330459994,0.0049346293656931,0.0094000620089552,0.5249571078352466,113.72038412015831
383,EXPE,1.2653794017454518,-0.0053388126619816,0.0086867462450067,-0.6145929110166476,141.77628243617704
384,CPB,0.36157818416975,0.0030741812120157,0.0042373352719466,0.7254986954580642,79.33909964771898
385,LNT,0.6218946246010947,0.0034950161897296,0.0033560790773376,1.0413986408515201,177.86340161697495
386,TTWO,0.4794589554542854,-0.0044621223750612,0.0067976354874316,-0.6564227198282966,65.68914057025147
387,L,0.6508805070411265,0.003541608338449,0.0027917897243247,1.2685799032753702,224.21320270851945
388,FDS,0.8567532523523866,0.0055901324616761,0.004077165718433,1.37108296491431,204.52378990730634
389,TER,1.634434278471299,-0.0019037159782613,0.0073260114171738,-0.2598570859169788,218.95469050631746
390,NTAP,0.9223927227579424,-0.0019789247840969,0.0051089129053442,-0.38734752789127364,174.58661255329284
391,SYF,1.0134697122604603,-0.0064845709033095,0.0060668863172768,-1.068846614917318,161.28852432434763
392,CPT,0.7655830115317854,0.0028171346165631,0.0034079639222235,0.8266327581088599,217.11912538838857
393,WDC,1.1340267911344937,-0.0047924276764466,0.007785195271982,-0.6155822055862853,141.39251810671757
394,DRI,0.93923079603641,-0.0015058013336742,0.0047790722715604,-0.3150823524128346,190.2584734099149
395,SJM,0.1846493162366856,0.0016999745917138,0.0044489500231383,0.38210692025590204,35.48776453034376
396,BXP,0.8134538678629766,-0.0016794811848368,0.0043282722945644,-0.38802576883759204,180.97484016009034
397,XYL,1.04508473458744,-0.004934916018748,0.004187993540393,-1.1783485268425005,241.5676645178769
398,POOL,0.9686940084526088,-0.0020699565213338,0.005670702814487,-0.3650264506977269,165.43946713880922
399,DPZ,0.8324227970294253,-0.0003357908359594,0.0047125233988975,-0.0712549960044673,170.5288097628277
400,IRM,1.065565882911664,0.0070898846812511,0.0053304156269607,1.330081025087647,195.89274845877108
401,PEAK,0.6613546950221203,-0.0018015791045095,0.0036642890288539,-0.4916585701409558,172.2263475801742
402,TYL,1.3834668940155783,-0.0022375262253019,0.0043564636160928,-0.5136106765672199,310.51868832168395
403,LKQ,0.8887375111897698,0.0024436643426533,0.0035811979211861,0.6823594775917756,240.90128345843843
404,IEX,0.6991481709135152,-0.0014717536248995,0.0029344393741395,-0.5015450780376336,228.05392511639678
405,GNRC,1.569576399235619,-0.006605809488145,0.0078825869318352,-0.8380255803416881,194.67017655715412
406,TECH,1.237290170045194,-0.0005566654030042,0.0056963181892328,-0.09772371986810899,212.11376620885767
407,FMC,0.8315615116401828,0.0030456039222111,0.0059218470509032,0.5142996595541225,136.13001292214076
408,AES,1.0518378415008944,-0.0001837483881576,0.004307553896467,-0.04265724644984896,237.53343955880447
409,LDOS,0.565176426014856,0.0021609624043766,0.0047967055487004,0.4505097055544888,112.3419778321044
410,AVY,0.8517786405361816,-0.0019860645327828,0.0037542531041466,-0.5290172179891593,218.772297237029
411,JKHY,0.5458923258289105,0.0037874945213022,0.003301820463941,1.1470928121820128,157.85649948032008
412,VTRS,0.7142004269877669,-0.0020545576026852,0.007713316007162,-0.2663650239115698,88.63631008379126
413,HWM,0.9038700305745436,0.0013842242528668,0.0051744589190319,0.2675109174749768,169.4453987454693
414,NVR,1.0793382679266976,-0.0007452435986797,0.0043119989726748,-0.17283018929325342,243.53600986055145
415,OMC,0.557427068768885,-0.0017428893710912,0.005028522280972,-0.3466007056757645,104.84554903789429
416,PKG,0.5412598006804757,0.0025037934597604,0.0039292854219676,0.6372134347284497,131.14282593454345
417,CE,1.0031036865939815,-0.0021488036208389,0.0047177026905841,-0.45547669316415873,206.13611046624445
418,NLOK,0.4990375279895261,-0.0017010566416661,0.0049433194949245,-0.34411221921072305,94.84931569348649
419,CHRW,0.5826841611461357,0.004184561924073,0.0051540248553772,0.8119017741459361,108.34304038864434
420,TXT,0.902853539151955,0.0002150203623156,0.0036065190641864,0.05961991562745469,242.5060131247562
421,PTC,0.8073021584588117,-0.0028719650451701,0.0059643618453173,-0.4815209270753615,130.100120270681
422,KIM,0.915158956280366,0.0025399964653483,0.0035595633076225,0.7135696842107331,249.81518121661108
423,MGM,1.2494657108247769,-0.0029155465228286,0.005960155893873,-0.4891728630497337,204.37119196062145
424,CTXS,0.1376901908865282,-0.0024876071964633,0.0056549010748715,-0.43990286718142585,18.87505763175359
425,APA,1.178015844681804,0.0153671696552352,0.0101055733782463,1.5206628144737677,115.274707404994
426,CBOE,0.5449151217744868,0.0009166078830287,0.0028054065837383,0.3267290696264385,184.4173791622418
427,TFX,0.718726390015302,-0.0065671784018459,0.0053403729358103,-1.22972280789777,128.02349570549583
428,TAP,0.6857365159632235,0.0034325777313419,0.0049710835467105,0.6905089602876076,132.90927168821582
429,NI,0.6829127288386463,0.006284709865224,0.0036682710262301,1.7132621391072151,180.1206710134794
430,MAS,0.8554766612454355,0.0004534004910112,0.0045236649610724,0.1002285745988834,182.91895373707882
431,EMN,1.151084586506355,-0.0013156862499738,0.0041587661008936,-0.3163645701764994,269.6239396621621
432,ABMD,1.4020798512444863,0.0005032739156697,0.0065113233833323,0.0772921088450286,211.03499922575244
433,HAS,0.69131766902669,-0.0005847783124156,0.0045642878728518,-0.12812038344334892,145.0975287193017
434,UAL,1.6241260556999395,-0.0006127195219802,0.009293078791522,-0.0659328878755638,171.63820214600005
435,BEN,1.1587215489906504,-0.001596200774815,0.0049402113696219,-0.3231037409917879,228.46377690560587
436,NDSN,0.9305617802870632,0.0011165206513434,0.0031764574071672,0.3514987006670193,284.3457931784142
437,LUMN,1.0252467530903602,0.0016475016114562,0.0076773695610611,0.21459193781841296,130.0482211727505
438,HST,1.0604690289093304,0.0018650244904404,0.0062851117792085,0.29673688487291583,164.49477586379032
439,SBNY,1.570970566149117,1.369830796942289e-06,0.007334736346319,0.00018675937787862685,210.30148367282942
440,CRL,1.3538493167552534,-0.0056976667735498,0.006338993925935,-0.8988282431126318,208.18534698107482
441,RE,0.670601283337864,0.0046635983900797,0.003835022559979,1.216055008058476,168.6558218660089
442,IPG,1.0904443473413474,0.0005000231419468,0.0043017153276928,0.11623808268479366,246.98946572393206
443,HSIC,0.7860972181380853,0.002615105455493,0.0041797932978862,0.6256542534807901,181.88610522392318
444,AAP,1.0217812003169475,-8.698220617038587e-05,0.0050195658693208,-0.017328631287023128,197.8713386712009
445,SNA,0.7525786499701288,0.000270868488303,0.0035750482689732,0.0757663863321199,202.62202464373556
446,REG,1.0407240031538765,0.0022963904796196,0.0030958336436858,0.7417680482616602,327.7160566113624
447,LW,0.8665905928903961,0.0014833454696051,0.007035654466865,0.21083262070231545,119.33615306354292
448,WRK,0.8455213111455853,-0.0020003281322131,0.0056085204417291,-0.35665879316941584,145.32442049227723
449,QRVO,0.8682381026575721,-0.0116931462815854,0.0044525320325977,-2.6261790361030544,185.9793372205945
450,CMA,1.1280375320174532,0.0049392924145879,0.0055489203654485,0.890135754216879,199.0496802422154
451,CCL,2.0356188890553684,-0.0122919152628207,0.0100479913735043,-1.2233206424951197,198.53330876187118
452,MKTX,0.6536247234794148,-0.0085790537361254,0.0061387655024555,-1.3975210052727682,100.44033600838118
453,GL,0.6339191712911948,0.002937483585072,0.0039680147332643,0.7402904934920617,153.32368848735908
454,ETSY,1.979126986531489,-0.008955012506765,0.0104540668311079,-0.8566056302718286,185.73690080561175
455,DISH,1.1570059644120712,-0.0115998948946284,0.0075606397729233,-1.534247794237039,147.73089355711772
456,PHM,1.2163215267326202,-0.0010118989122763,0.0056223924302996,-0.17997657132986342,211.09227833765786
457,JNPR,1.1745265895008838,0.0043257348525313,0.0029786307046617,1.4522561812584949,386.21314235195564
458,AIZ,0.5148344869085412,0.0038429826534998,0.0027453593454149,1.3998104328011087,178.5600381898117
459,FFIV,1.0553872972384584,-0.0007213639861348,0.0045541171360423,-0.1583982064110219,225.334549507027
460,RCL,1.955396985314079,-0.0092716905480139,0.0092770283504159,-0.999424621527457,206.7105135751896
461,FTNT,1.645060269164296,0.0081304250576051,0.0059637625463787,1.363304624283211,272.43282769674687
462,UHS,0.6956275347223434,-0.0043681460847849,0.005109088306434,-0.8549756478634333,129.7283094134205
463,NWS,0.6101938569734853,-0.0056358210117328,0.0054829866254404,-1.0278742949295676,105.06902083050042
464,NWSA,0.6683780886717269,-0.0070351706771297,0.0049052785473595,-1.4342041148543372,129.01956777465236
465,NRG,0.6339648189508982,0.001911229937661,0.0062783374913036,0.30441656574026615,96.7469572526022
466,WHR,1.001359750823099,-0.0030095327868743,0.0045464339259835,-0.6619545859171961,213.32856340289075
467,AOS,0.9602621430246838,-0.0014639862025505,0.0039622055607549,-0.36948769570440304,234.8015877916444
468,OGN,0.6597684145116915,0.0052322819847411,0.0064848544083489,0.8068464849426411,98.15712989283594
469,HII,0.464480508699312,0.002957942689908,0.0050850611686705,0.5816926467142892,86.32589399194784
470,ALLE,0.7041683056872374,-0.0042766292823796,0.003594839134045,-1.1896580411283755,186.7748879347915
471,CZR,1.5505041835369275,-0.0130616407210308,0.0076629978425278,-1.704507947078078,196.91726055845126
472,SEE,0.8943300597022006,0.0027220866124533,0.0038165885337986,0.713225066927517,227.58181517936953
473,NLSN,1.3282641611291004,0.0043389849609488,0.0088219329615547,0.49184061813411645,147.82895673469494
474,AAL,1.7471471530091875,-0.0028016249452548,0.0087168999881262,-0.32140152451801185,196.84515486024074
475,BWA,0.9211397555813572,-0.0037126516550878,0.0053357300486764,-0.6958094995845552,166.605337192197
476,RHI,1.0649436622995965,0.0003579231708476,0.0044845160377806,0.07981310978313219,231.2034513279558
477,PNW,0.5466775783182756,0.0006385208679481,0.004373469163333,0.1459987127156251,118.63581971407122
478,LNC,1.1732564764919924,-0.001596552558322,0.0052340915915445,-0.30502954149697675,218.413052950862
479,MHK,0.900640664633662,-0.0048889621884123,0.0058244241405272,-0.8393897955326058,148.9049700914719
480,NWL,0.9433434868776794,-0.0022196271667847,0.0065547266041949,-0.3386300147689121,139.2366020463479
481,FBHS,0.9815805560968146,-0.0059493423472068,0.0041663944533716,-1.4279354520531229,227.33450333372224
482,ZION,1.0524459444311949,0.0032451897092521,0.0057866577777899,0.5608055347091109,177.5161368766437
483,TPR,1.1231237190625727,-0.0020958473680136,0.005693984614313,-0.36808096789465455,191.8800182473589
484,XRAY,0.777250072279456,-0.0080747825560231,0.0052796896471043,-1.5294047748529684,140.2940966671559
485,DVA,0.385429330138686,-0.0055678639860328,0.0062327166921719,-0.8933285854346413,56.379181584491896
486,FRT,0.8720369467871546,-0.0004638487071603,0.0035735995228398,-0.1297987377140955,235.92657562535436
487,PNR,0.8968220695167777,-0.0044866158393622,0.0038861579145992,-1.1545119724824482,222.2939655725521
488,IVZ,1.1153362996008265,-0.0049183284940264,0.0055664702194779,-0.8835632456662471,194.36948882271759
489,CDAY,1.610308235709241,-0.00851180818624,0.0061145315692076,-1.3920621865957707,257.310050608978
490,DXCM,1.3332800902231907,-0.0011046828456576,0.0084399715177397,-0.1308870347886487,154.46846054365338
491,DXC,1.4226775480876728,-0.0008222704624976,0.0072388971011257,-0.11359057201817817,192.4864047878914
492,WYNN,1.2460890983860455,-0.0094698106482764,0.0074374199693561,-1.2732655527446644,162.44252613347658
493,RL,1.2989992449776704,-0.0004975708213343,0.0057266106919581,-0.08688748862098142,221.77789664309668
494,BBWI,1.1535771419117538,-0.0095506925732509,0.0084081362687914,-1.1358869870723125,132.67630467397922
495,VNO,0.7807697534734012,-0.0052604976030699,0.0052078503009109,-1.0101092195660446,143.44560859202628
496,PENN,1.227975512721148,-0.0113521187342632,0.0090936434596087,-1.2483575790810344,130.65801394835105
497,ALK,1.1394206083632066,-0.0032944441879662,0.0071280638572485,-0.46217938755081334,155.39425380552183
498,PVH,1.5047236343036614,-0.0071316060611682,0.0073045158891994,-0.9763283658145138,201.12572147522764
499,NCLH,2.105932561069754,-0.0096348310257277,0.0095602944337318,-1.0077964745241434,216.29372864794308
500,SP50,1.0,-8.673617379884035e-19,9.80566831311735e-20,-8.845513740538282,9.907881533177586e+18
